id,title,agency,category,amount,city,eligible_identity,min_age,max_age,income_limit,housing_status,family_status,description,apply_url,source_url,updated_at
social-housing,社會住宅申請,內政部國土管理署,租屋住宅,依地區而定（月租金低於市價）,全國,弱勢族群,18,0,一般,租屋,,政府興建平價住宅，租金低於市價20-30%；年滿18歲，設有戶籍；無自有住宅；符合特定條件之一（弱勢優先）；家庭年收入符合規定,前往社會住宅申請系統,前往社會住宅申請系統,2026-05-09
single-parent-rent,單親家庭租屋補助,內政部國土管理署,租屋住宅,$4500（每月最高補貼）,全國,單親家庭,0,0,一般,租屋,單親,單親家長帶子女承租住宅可申請額外補助；領有單親家庭相關證明；無自有住宅；子女未成年且同住；租有合法房屋,前往衛生福利部申請,前往衛生福利部申請,2026-05-09
indigenous-rent,原住民租屋補助,各地方政府,租屋住宅,$5000（每月最高補貼）,全國,一般民眾,0,0,一般,租屋,,原住民族委員會提供原住民族人租屋補助；具原住民族身分；無自有住宅；在都市地區租屋；設籍或就業地符合規定,前往原住民族委員會申請,前往原住民族委員會申請,2026-05-09
elderly-rent,老人租屋補助,內政部國土管理署,租屋住宅,$3000（每月最高補貼）,全國,一般民眾,65,0,一般,租屋,,65歲以上老人承租住宅可獲補助；年滿65歲；無自有住宅；租有合法房屋；符合所得限制,前往社會及家庭署申請,前往社會及家庭署申請,2026-05-09
disability-rent,身障者租屋補助,各地方政府,租屋住宅,$4000（每月最高補貼）,全國,身心障礙者,0,0,一般,租屋,,持有效身心障礙手冊者可申請租金補貼；領有身心障礙手冊或證明；無自有住宅；租有合法房屋；符合所得限制,前往社會及家庭署申請,前往社會及家庭署申請,2026-05-09
lowincome-rent,低收入戶住宅補助,內政部國土管理署,租屋住宅,$5500（每月最高補貼）,全國,一般民眾,0,0,低收入戶,租屋,,低收入戶承租住宅可獲補助或住宅修繕；領有低收入戶資格證明；無自有住宅或自有住宅需修繕；設籍於該縣市,https://www.sfaa.gov.tw/,https://www.sfaa.gov.tw/,2026-05-09
childcare-subsidy,育兒津貼,衛福部,育兒生育,$5000（每月（自行照顧））,全國,有子女者,0,0,一般,,有子女,2歲以下幼兒自行照顧每月補助；子女未滿2歲；父母或監護人親自照顧；未送托任何托育機構；父母未領育嬰留停津貼,前往各縣市線上申請,前往各縣市線上申請,2026-05-09
nursery-subsidy,公共化托育補助,各地方政府,育兒生育,$6000（每月（公共化托育））,全國,有子女者,0,0,一般,,有子女,送托公共化托育機構每月補助（0-2歲）；子女未滿2歲；送托公私立準公共化托育機構；與機構簽訂契約,https://www.sfaa.gov.tw/,https://www.sfaa.gov.tw/,2026-05-09
birth-subsidy,生育給付,各地方政府,育兒生育,$62400（每胎（以投保薪資計算））,全國,有子女者,0,0,一般,,有子女,勞保被保險人生育每胎給付約2個月投保薪資；勞工保險被保險人；分娩或早產；投保滿280天（足月）或181天（早產）,前往勞保局申請,前往勞保局申請,2026-05-09
parental-leave,育嬰留職停薪津貼,各地方政府,育兒生育,$20000（每月（投保薪資60%））,全國,一般民眾,0,0,一般,,,父母留停照顧幼兒最長6個月可領津貼；勞工保險被保險人；子女未滿3歲；留職停薪期間；投保滿6個月以上,https://www.bli.gov.tw/,https://www.bli.gov.tw/,2026-05-09
kindergarten-subsidy,幼兒園學費補助,教育部,育兒生育,$5000（每月最高補助）,全國,一般民眾,0,0,一般,,,就讀公私立幼兒園費用補助（2.5-6歲）；子女年齡2歲半至入國小前；就讀立案幼兒園；未接受其他托育補助,https://www.ece.moe.edu.tw/,https://www.ece.moe.edu.tw/,2026-05-09
after-school-care,課後照顧補助,各地方政府,育兒生育,$2000（每月最高補助）,全國,一般民眾,0,0,一般,,,國小學童課後托育費用補助；就讀國民小學一至六年級；使用合格課後照顧服務；所得符合優先資格,前往各縣市教育局申請,前往各縣市教育局申請,2026-05-09
relative-care-subsidy,親屬托育補助,各地方政府,育兒生育,$3000（每月補助）,全國,有子女者,0,0,一般,,有子女,委託3親等以內親屬照顧幼兒可領補助；子女未滿2歲；委託3親等親屬照顧；雙方均需為本國籍；照顧者完成托育訓練,前往各縣市社會局申請,前往各縣市社會局申請,2026-05-09
special-needs-child,發展遲緩兒童補助,各地方政府,育兒生育,$1200（每月療育交通補助）,全國,一般民眾,0,0,一般,,,0-6歲發展遲緩兒童療育費用補助；領有早期療育通報單；未滿7歲；接受早療課程或治療；由醫院或早療機構開立,前往各縣市早療通報轉介中心,前往各縣市早療通報轉介中心,2026-05-09
second-child-bonus,第二胎以上生育獎勵,各地方政府,育兒生育,依縣市而定（各縣市不同）,全國,有子女者,0,0,一般,,有子女,縣市政府提供第二胎以上生育獎勵金；設籍於補助縣市；生育第二胎以上；子女具台灣戶籍；符合所得限制（部分縣市無限制）,前往戶籍所在地縣市政府社會局,前往戶籍所在地縣市政府社會局,2026-05-09
unemployment-benefit,失業給付,勞動部,就業,$17928（每月（投保薪資60%））,全國,一般民眾,0,0,一般,,,非自願離職者可請領失業給付最長6個月；非自願離職，非因個人過失被解雇；勞工保險被保險人；離職前投保滿1年（特殊情況6個月）；已向公立就業服務機構辦理求職登記,前往就業服務站辦理,前往就業服務站辦理,2026-05-09
job-training-allowance,職業訓練生活津貼,各地方政府,就業,$13047（每月（基本工資60%））,全國,一般民眾,0,0,一般,,,參加政府職業訓練期間可領生活津貼；非自願離職後參加職訓；報名公立或政府認可職訓機構；課程出席率80%以上,前往勞動部就業服務,前往勞動部就業服務,2026-05-09
early-employment-bonus,提早就業獎助,勞動部,就業,$30000（最高一次性獎助）,全國,一般民眾,0,0,一般,,,失業給付請領期間提早就業可領獎助金；正在請領失業給付；在失業給付期滿前重新就業；受雇期間連續達3個月以上,約2週,約2週,2026-05-09
cross-region-job,跨域就業補助,勞動部,就業,$30000（最高補助額）,全國,一般民眾,0,0,一般,,,跨縣市就業可申請交通及搬遷費補助；公立就業服務機構介紹就業；就業地與原住所距離30公里以上；連續就業達30天,https://www.taiwanjobs.gov.tw/,https://www.taiwanjobs.gov.tw/,2026-05-09
women-reemployment,婦女再就業計畫,勞動部,就業,$180000（最高訓練補助）,全國,一般民眾,30,65,一般,,,因育兒離職後重返職場女性可獲就業支援；女性，因育兒或家庭照顧離職；離職達6個月以上；年齡30-65歲,前往勞動部婦女再就業計畫,前往勞動部婦女再就業計畫,2026-05-09
senior-employment,中高齡就業促進,勞動部,就業,$30000（就業獎助）,全國,一般民眾,45,0,一般,,,45歲以上求職者就業補助方案；年滿45歲；失業中（非自願或自願皆可）；有就業意願,https://www.wda.gov.tw/,https://www.wda.gov.tw/,2026-05-09
temp-work-subsidy,臨時工作津貼,勞動部,就業,$28590（每月（基本工資））,全國,弱勢族群,0,0,一般,,,就業困難者參與政府臨時工作可領津貼；失業且有就業困難；由就業服務站推介；非自願離職或特定弱勢身分,前往就業服務站辦理,前往就業服務站辦理,2026-05-09
employment-discrimination-relief,就業歧視申訴補助,勞動部,就業,（視情節而定）,全國,一般民眾,0,0,一般,,,遭受就業歧視可申訴並獲補償協助；在求職或工作中遭受歧視；依就業服務法第5條規定；提出申訴並進行調查,依調查情況,依調查情況,2026-05-09
elderly-pension,老年基本保證年金,各地方政府,長者,$4005（每月（基本保證年金））,全國,中高齡,65,0,一般,,,國民年金被保險人老年可領月退休金；年滿65歲；國民年金被保險人，繳費滿一定年限；未領取其他政府年金（勞保、軍公教）,https://www.bli.gov.tw/,https://www.bli.gov.tw/,2026-05-09
elderly-living-allowance,中低收入老人生活津貼,各地方政府,長者,$7550（每月（中低收入））,全國,一般民眾,65,0,一般,,,未達低收入但生活困難的老人可申請生活補助；年滿65歲；家庭人口平均收入低於最低生活費1.5倍；未領取其他生活扶助；無一定資產限制以上財產,前往戶籍所在地社會局,前往戶籍所在地社會局,2026-05-09
long-term-care,長期照顧服務補助,各地方政府,長者,依評估等級（每月1萬至4萬）,全國,一般民眾,65,0,一般,,,失能老人或身障者居家照護費用補助；日常生活需他人協助；由照管中心評估失能等級；年滿65歲或領有身障手冊,撥打1966長照專線申請,撥打1966長照專線申請,2026-05-09
elderly-denture,老人假牙補助,各地方政府,長者,$7000（每顆最高補助）,全國,一般民眾,65,0,一般,,,65歲以上老人裝置假牙部分費用補助；年滿65歲；設籍且居住於申請縣市；口腔有缺牙需裝假牙；未在當年度領過本補助,向健保特約牙醫診所申請,向健保特約牙醫診所申請,2026-05-09
home-care-service,居家服務補助,各地方政府,長者,依收入（每小時最高190元，低收入免費）,全國,一般民眾,65,0,一般,,,失能老人居家生活照顧服務費用補助；日常生活功能受損需協助；年滿65歲或有特殊需求；由照管中心評估核可,撥打1966申請評估,撥打1966申請評估,2026-05-09
elderly-meal,老人餐飲服務,各地方政府,長者,$60（每餐最低自付額）,全國,一般民眾,65,0,一般,,,行動不便老人在家可申請送餐服務；年滿65歲，行動不便；獨居或白天無人照顧；由社會局核定資格,約2-4週,約2-4週,2026-05-09
elderly-medical,老人重病住院補助,各地方政府,長者,$20000（每次住院最高補助）,全國,一般民眾,65,0,低收入戶,,,低中收入老人住院醫療費用補助；年滿65歲；具低收入戶或中低收入戶資格；住院治療必要,前往戶籍所在地社會局,前往戶籍所在地社會局,2026-05-09
disability-living,身障生活補助,各地方政府,身心障礙,$4881（每月（中度障礙））,全國,身心障礙者,0,0,一般,,,持有身心障礙手冊者每月生活津貼；領有身心障礙手冊或證明；未超過所得及財產限制；實際居住於台灣,前往戶籍所在地社會局,前往戶籍所在地社會局,2026-05-09
assistive-device,輔具補助,各地方政府,身心障礙,依輔具類別（每件最高8萬）,全國,一般民眾,0,0,一般,,,身障者購置生活輔具費用補助（輪椅、助聽器等）；領有身心障礙手冊或證明；需要該輔具（由醫師或治療師評估）；在指定輔具評估機構完成評估,約1-2個月,約1-2個月,2026-05-09
disability-transport,身障交通補助,各地方政府,身心障礙,$2400（每月最高補助）,全國,身心障礙者,0,0,一般,,,身障者搭乘大眾交通工具或復康巴士補助；領有身心障礙手冊或證明；行動困難，需使用輔助交通工具；有就醫或出行需求,前往戶籍縣市社會局,前往戶籍縣市社會局,2026-05-09
disability-employment,身障就業補助,勞動部,身心障礙,$12000（每月雇主補助）,全國,身心障礙者,0,0,一般,,,雇主聘用身障者可獲補助，身障者就業亦有獎助；身障者：領有身心障礙手冊；雇主：合法登記之事業單位；雙方均有意願；身障者適合職務,https://www.wda.gov.tw/,https://www.wda.gov.tw/,2026-05-09
disability-training,身障職業訓練,各地方政府,身心障礙,$13047（每月生活津貼）,全國,身心障礙者,0,0,一般,,,身障者參加職業訓練課程費用全免及生活津貼；領有身心障礙手冊或證明；有就業意願；通過職訓單位審核,前往勞動力發展署申請,前往勞動力發展署申請,2026-05-09
disability-medical,身障醫療補助,各地方政府,身心障礙,$12000（每年最高補助）,全國,身心障礙者,0,0,低收入戶,,,身障者醫療費用自付額補助；領有身心障礙手冊或證明；具低收入戶或中低收入戶資格；接受必要醫療,約1個月,約1個月,2026-05-09
disability-housing,身障住宅無障礙改善補助,內政部國土管理署,身心障礙,$100000（每戶最高補助）,全國,身心障礙者,0,0,一般,自有住宅,,身障者住宅增設無障礙設施費用補助；領有身心障礙手冊或證明；無障礙改善需求（如設置扶手、斜坡、電梯）；自有住宅或租屋（房東同意）；由縣市評估確認需求,約2-3個月,約2-3個月,2026-05-09
low-income-living,低收入戶生活扶助,各地方政府,低收入,$9829（每人每月最低生活費）,全國,一般民眾,0,0,低收入戶,,,政府每月提供最低生活費保障（第一類）；通過低收入戶資格審查；家庭總收入低於最低生活費基準；財產未超過上限；設籍於申請縣市,約1個月,約1個月,2026-05-09
emergency-relief,急難救助金,各地方政府,低收入,$60000（每次最高補助）,全國,一般民眾,0,0,一般,,,突發緊急困境者（如家計負擔者死亡、重傷）可申請；遭遇急難事故（失業、重病、天災等）；無法度過急難期間；情況緊急,https://www.sfaa.gov.tw/,https://www.sfaa.gov.tw/,2026-05-09
medical-assistance,弱勢醫療補助,各地方政府,低收入,$30000（每年最高補助）,全國,一般民眾,0,0,低收入戶,,,低收入及中低收入者醫療費用補助；低收入戶或中低收入戶；需要醫療治療；費用超過負擔能力,前往戶籍縣市社會局,前往戶籍縣市社會局,2026-05-09
food-bank,食物銀行物資申請,各地方政府,低收入,依物資而定（每月一次物資包）,全國,弱勢族群,0,0,中低收入戶,,,低收入或弱勢家庭可定期領取食物及生活物資；具弱勢身分（低收入、中低收入、身障、單親等）；設籍或居住於服務區域；由社工評估核定,即時服務,即時服務,2026-05-09
education-assistance,弱勢教育補助,教育部,低收入,$10000（每學年最高補助）,全國,一般民眾,0,0,低收入戶,,,低收入家庭學童學費及用品費補助；就讀國中小或高中職；具低收入戶或中低收入戶資格；設籍於申請縣市,約2-4週,約2-4週,2026-05-09
utility-subsidy,水電費補助,各地方政府,低收入,$2400（每年最高補助）,全國,一般民眾,0,0,低收入戶,,,低收入戶及弱勢家庭水費電費補助；具低收入戶或中低收入戶資格；或身障者；或老人獨居者,前往社會局或台電台水服務所,前往社會局或台電台水服務所,2026-05-09
funeral-assistance,喪葬補助,各地方政府,低收入,$20000（每次最高補助）,全國,一般民眾,0,0,低收入戶,,,低收入戶家庭成員死亡可申請喪葬費補助；低收入戶家庭成員死亡；設籍於申請縣市；在申請期限內提出,前往戶籍縣市社會局或區公所,前往戶籍縣市社會局或區公所,2026-05-09
youth-startup-loan,青年創業貸款,各地方政府,創業,$2000000（最高貸款金額）,全國,青年,20,45,一般,,,45歲以下青年創業最高200萬元低利貸款；年齡20-45歲；有具體創業計畫；設立或計畫設立登記公司行號；通過銀行信用審核,約1-2個月,約1-2個月,2026-05-09
phoenix-startup,微型創業鳳凰計畫,勞動部,創業,$1000000（最高貸款金額）,全國,弱勢族群,20,65,一般,,,弱勢族群（失業婦女等）創業最高100萬低利貸款；年齡20-65歲；失業中或弱勢族群（婦女、中高齡等）；計畫自行創業；完成政府指定創業研習課程,約1-2個月,約1-2個月,2026-05-09
social-enterprise-subsidy,社會企業補助,各地方政府,創業,$1500000（最高補助金額）,全國,一般民眾,0,0,一般,,,具社會影響力創業項目可申請政府補助；成立登記的公司或社團法人；有明確社會使命；計畫可量化社會影響；具自籌財源能力,各部會均有社創補助，教育部、衛福部等亦有,各部會均有社創補助，教育部、衛福部等亦有,2026-05-09
indigenous-startup,原住民創業補助,各地方政府,創業,$1500000（最高貸款金額）,全國,一般民眾,0,0,一般,,,原住民族人創業可申請貸款及補助；具原住民族身分；計畫從事合法事業；設立或計畫設立登記；具體創業計畫,約1-2個月,約1-2個月,2026-05-09
women-startup,婦女創業補助,各地方政府,創業,$1000000（最高貸款金額）,全國,一般民眾,20,65,一般,,,婦女創業可享低利貸款及免費輔導；女性；年齡20-65歲；計畫創業或已創業未滿3年；有具體商業計畫,約1-2個月,約1-2個月,2026-05-09
rural-startup,農村青年創業補助,農業部,創業,$1200000（最高補助及貸款）,全國,青年,20,45,一般,,,返鄉務農或農業創業青年可申請補助；年齡20-45歲；計畫從事農業相關事業；在農村地區設立；具農業背景或培訓計畫,約2-3個月,約2-3個月,2026-05-09
tech-startup,科技新創補助,各地方政府,創業,$3000000（最高補助金額）,全國,一般民眾,0,0,一般,,,科技新創公司可申請政府研發補助及加速器；成立未滿5年新創公司；具技術創新性；有市場驗證計畫；具體產品/服務原型,約3個月,約3個月,2026-05-09
sme-loan,中小企業信用保證貸款,各地方政府,企業,$15000000（最高保證金額）,全國,一般民眾,0,0,一般,,,中小企業向銀行貸款可申請政府信用保證；依法設立之公司行號或有限合夥；符合中小企業定義（製造業資本額2億以下等）；有具體資金用途；通過往來銀行審核,約2-4週,約2-4週,2026-05-09
rd-subsidy,中小企業研發補助（SBIR）,各地方政府,企業,$2500000（每案最高補助）,全國,一般民眾,0,0,一般,,,中小企業研發費用最高50%補助；依法設立之公司行號；員工200人以下（服務業100人以下）；有明確研發計畫；非重複補助,約3個月,約3個月,2026-05-09
digital-transform,數位轉型補助,各地方政府,企業,$500000（最高補助50%）,全國,一般民眾,0,0,一般,,,中小企業導入數位工具（ERP、電商等）可獲補助；中小企業（員工200人以下）；導入經認證之數位服務；具體導入計畫；未重複申請同項補助,約1-2個月,約1-2個月,2026-05-09
energy-saving-enterprise,節能設備補助（企業）,各地方政府,企業,$500000（最高補助30%）,全國,一般民眾,0,0,一般,,,企業汰換老舊高耗能設備可申請補助；依法設立之公司行號；設備汰換可顯著節能；由能源局認可評估機構確認；未重複申請其他節能補助,約2-3個月,約2-3個月,2026-05-09
export-subsidy,出口拓銷補助,各地方政府,企業,$200000（每年最高補助）,全國,一般民眾,0,0,一般,,,中小企業參與國際展覽或開拓海外市場費用補助；中小企業；有出口意圖或計畫；參與海外展覽或行銷活動,約1個月,約1個月,2026-05-09
employment-incentive-enterprise,僱用特定對象補助（企業）,勞動部,企業,$36000（每人每月最高）,全國,一般民眾,0,0,一般,,,企業聘用長期失業、身障、中高齡等特定對象可獲補助；依法設立之公司行號；聘用特定對象（失業逾6個月、身障、45歲以上）；連續雇用達3個月以上；薪資不低於基本工資,約1個月,約1個月,2026-05-09
green-energy,綠能發電補助（太陽能）,各地方政府,企業,$500000（最高設備補助）,全國,一般民眾,0,0,一般,,,企業設置太陽能發電設備可獲補助及優惠躉購；依法設立之公司行號或自然人；建築物或土地產權明確；設備容量符合規定；通過電力公司審核,約3-6個月,約3-6個月,2026-05-09
smart-manufacturing,智慧製造補助,各地方政府,企業,$5000000（最高補助50%）,全國,一般民眾,0,0,一般,,,製造業導入智慧製造技術（AI、自動化）可獲補助；製造業中小企業；導入智慧製造解決方案；具體改善計畫及預期效益；未重複申請同項補助,約2-3個月,約2-3個月,2026-05-09
rent-central,中央租金補貼,內政部,租屋住宅,54000,全台,一般民眾,18,,家庭年收入符合規定,需租屋,,"年滿18歲、無自有住宅、租屋並設籍，每年5-8月開放申請，台北最高6,000元/月",https://rental.cpami.gov.tw/,https://rental.cpami.gov.tw/,2026-05-09
rent-packrent,包租代管租金補貼,內政部,租屋住宅,3600,全台,一般民眾,18,,符合所得限制,需租屋,,"透過政府認可包租代管業者承租，每月最高3,600元，流程較簡便",https://www.coolrent.org.tw/,https://www.coolrent.org.tw/,2026-05-09
rent-youth,青年安心成家租金補貼,內政部,租屋住宅,6000,全台,青年,18,40,符合所得限制,需租屋,,"18-40歲無殼族，無自有住宅且租屋設籍，每月最高6,000元",https://rental.cpami.gov.tw/,https://rental.cpami.gov.tw/,2026-05-09
rent-social-housing,社會住宅申請,國家住宅及都市更新中心,租屋住宅,依地區,全台,弱勢優先,18,,符合所得限制,無自有住宅,,政府興建平價住宅，租金低於市價20-30%，採抽籤制，弱勢族群有加權資格,https://www.socialhousing.gov.tw/,https://www.socialhousing.gov.tw/,2026-05-09
rent-single-parent,單親家庭租屋補助,各縣市社會局,租屋住宅,4500,全台,單親家長,,,符合所得限制,需租屋,單親家庭,單親家長帶未成年子女承租住宅可申請額外補助，各縣市另有加碼,https://www.sfaa.gov.tw/,https://www.sfaa.gov.tw/,2026-05-09
rent-indigenous,原住民租屋補助,原住民族委員會,租屋住宅,5000,全台,原住民,,,,需租屋,,"具原住民族身分在都市地區租屋，每月最高5,000元，可與中央補貼合併",https://www.apc.gov.tw/,https://www.apc.gov.tw/,2026-05-09
rent-elder,老人租屋補助,各縣市社會局,租屋住宅,3000,全台,老年人,65,,符合所得限制,需租屋,,65歲以上老人承租住宅可獲補助，各縣市標準不一,https://www.sfaa.gov.tw/,https://www.sfaa.gov.tw/,2026-05-09
rent-disability,身障者租屋補助,各縣市社會局,租屋住宅,4000,全台,身心障礙者,,,符合所得限制,需租屋,,持有效身心障礙手冊者可申請租金補貼，障礙程度較重者補貼較高,https://www.sfaa.gov.tw/,https://www.sfaa.gov.tw/,2026-05-09
rent-lowincome,低收入戶住宅補助,各縣市社會局,租屋住宅,5500,全台,低收入戶,,,低收入戶,,,低收入戶承租或修繕住宅可獲補助，可優先申請社會住宅,https://www.sfaa.gov.tw/,https://www.sfaa.gov.tw/,2026-05-09
rent-repair,住宅修繕補助,各縣市政府,租屋住宅,100000,全台,低收入戶,,,低收入或中低收入戶,自有住宅,,弱勢家庭自有住宅修繕補助，改善居住安全，每戶最高10萬元,https://www.sfaa.gov.tw/,https://www.sfaa.gov.tw/,2026-05-09
rent-newlywed-bonus,婚育租屋加碼,內政部,租屋住宅,36000,全台,已婚青年,20,40,,需租屋,已婚未滿2年,"2026年新制：結婚未滿2年承租者租金補貼加碼20%，每年最多多領36,000元",https://rental.cpami.gov.tw/,https://rental.cpami.gov.tw/,2026-05-09
rent-hazard-rebuild,危老建築重建補助,內政部,租屋住宅,依規模,全台,屋主,,,,,,屋齡逾30年且結構危險建築，申請重建可獲容積獎勵及費用補助,https://www.urdd.gov.tw/,https://www.urdd.gov.tw/,2026-05-09
rent-house-tax-own,房屋稅自用住宅減免,各縣市稅務局,租屋住宅,依房屋稅,全台,屋主,,,,自用住宅,,自用住宅稅率1%，非自住最高4.8%，向稅務局登記即享優惠,https://www.ntbt.gov.tw/,https://www.ntbt.gov.tw/,2026-05-09
rent-land-tax-own,地價稅自用住宅減免,各縣市稅務局,租屋住宅,依地價稅,全台,屋主,,,,自用住宅,,自用住宅地價稅率2‰，一般用地10‰，登記即可大幅節稅,https://www.ntbt.gov.tw/,https://www.ntbt.gov.tw/,2026-05-09
rent-public-landlord,公益出租人稅賦減免,各縣市稅務局,租屋住宅,依稅額,全台,房東,,,,出租,,登記公益出租人後房屋稅及地價稅均降至住家用稅率，每年可省數萬元,https://www.ntbt.gov.tw/,https://www.ntbt.gov.tw/,2026-05-09
rent-old-energy,老屋節能改造補助,經濟部能源署,租屋住宅,100000,全台,屋主,,,,,,屋齡15年以上申請節能改造補助，含外牆隔熱、節能窗、LED照明等,https://www.moea.gov.tw/,https://www.moea.gov.tw/,2026-05-09
rent-first-home,首購優惠房貸,財政部金管會,租屋住宅,依房價,全台,首購族,20,,,首次購屋,,無自有住宅首次購屋，可申請1.6%以下優惠利率房貸,https://www.banking.gov.tw/,https://www.banking.gov.tw/,2026-05-09
rent-newborn-housing,生育後租屋補貼加碼,內政部,租屋住宅,72000,全台,已婚有子女,,,,需租屋,有新生兒,"2026年新制：生育後租金補貼再加碼，第一年最高可領72,000元",https://rental.cpami.gov.tw/,https://rental.cpami.gov.tw/,2026-05-09
rent-veteran,退伍軍人住宅補助,國防部,租屋住宅,依計畫,全台,退伍軍人,,,,,,服役期間及退伍後可申請軍眷住宅或購宅優惠貸款,https://www.mnd.gov.tw/,https://www.mnd.gov.tw/,2026-05-09
rent-urban-renewal,都市更新補助,內政部,租屋住宅,依計畫,全台,屋主,,,,,,老舊建物參與都市更新可獲容積獎勵及稅賦減免,https://www.urdd.gov.tw/,https://www.urdd.gov.tw/,2026-05-09
child-birth-central,生育給付（中央PLUS）,勞保局,育兒生育,100000,全台,勞保被保險人,,,,,,2026年新制：每胎保底10萬元，不分投保薪資高低,https://www.bli.gov.tw/,https://www.bli.gov.tw/,2026-05-09
child-birth-taipei,台北市生育獎勵金,台北市政府,育兒生育,20000,台北市,設籍台北市,,,,,,設籍台北市且生育者每胎2萬元獎勵金,https://www.gov.taipei/,https://www.gov.taipei/,2026-05-09
child-birth-taichung,台中市生育津貼,台中市政府,育兒生育,20000,台中市,設籍台中市,,,,,,設籍台中市連續滿半年生育者每胎2萬元,https://www.taichung.gov.tw/,https://www.taichung.gov.tw/,2026-05-09
child-birth-kaohsiung,高雄市生育獎勵,高雄市政府,育兒生育,10000,高雄市,設籍高雄市,,,,,,設籍高雄市生育者每胎1萬元,https://www.kcg.gov.tw/,https://www.kcg.gov.tw/,2026-05-09
child-birth-tainan,台南市生育獎勵,台南市政府,育兒生育,10000,台南市,設籍台南市,,,,,,設籍台南市生育者每胎1萬元,https://www.tainan.gov.tw/,https://www.tainan.gov.tw/,2026-05-09
child-birth-taoyuan,桃園市生育獎勵,桃園市政府,育兒生育,10000,桃園市,設籍桃園市,,,,,,設籍桃園市生育者每胎1萬元,https://www.tycg.gov.tw/,https://www.tycg.gov.tw/,2026-05-09
child-birth-ntpc,新北市生育獎勵,新北市政府,育兒生育,10000,新北市,設籍新北市,,,,,,設籍新北市生育者每胎1萬元,https://www.ntpc.gov.tw/,https://www.ntpc.gov.tw/,2026-05-09
child-birth-hsinchu,新竹市生育獎勵,新竹市政府,育兒生育,30000,新竹市,設籍新竹市,,,,,,新竹市第三胎以上最高3萬元,https://www.hccg.gov.tw/,https://www.hccg.gov.tw/,2026-05-09
child-birth-hualien,花蓮縣生育津貼,花蓮縣政府,育兒生育,20000,花蓮縣,設籍花蓮縣,,,,,,偏遠地區加碼，每胎2萬元,https://www.hl.gov.tw/,https://www.hl.gov.tw/,2026-05-09
child-birth-taitung,台東縣生育獎勵,台東縣政府,育兒生育,20000,台東縣,設籍台東縣,,,,,,偏遠地區加碼，每胎2萬元,https://www.taitung.gov.tw/,https://www.taitung.gov.tw/,2026-05-09
child-parental-leave,育嬰留職停薪津貼,勞保局,育兒生育,20000,全台,勞保被保險人,,,,,有子女（0-3歲）,父母各可留停最長6個月，領投保薪資60%，合計最長12個月,https://www.bli.gov.tw/,https://www.bli.gov.tw/,2026-05-09
child-nursery-public,公共化托育補助（0-2歲）,衛生福利部,育兒生育,10000,全台,一般民眾,,,,,有子女（0-2歲）,"子女0-2歲送托公共或準公共托育機構，自付約3,000元/月，政府補足差額",https://www.sfaa.gov.tw/,https://www.sfaa.gov.tw/,2026-05-09
child-nursery-self,育兒津貼（自行照顧）,衛生福利部,育兒生育,5000,全台,一般民眾,,,,,有子女（0-2歲）,"未送托者親自照顧每月5,000元，與托育補助二擇一",https://www.sfaa.gov.tw/,https://www.sfaa.gov.tw/,2026-05-09
child-kindergarten,幼兒園學費補助（2.5-6歲）,教育部,育兒生育,5000,全台,一般民眾,,,,,有子女（2.5-6歲）,"公立幼兒園近乎免費，準公共化自付約3,000元/月，低收入戶全免",https://www.ece.moe.edu.tw/,https://www.ece.moe.edu.tw/,2026-05-09
child-afterschool,課後照顧補助,教育部,育兒生育,2000,全台,一般民眾,,,,,有國小子女,國小1-6年級課後托育費用補助，低收入戶優先全額補助,https://www.edu.tw/,https://www.edu.tw/,2026-05-09
child-relative-care,親屬托育補助,衛生福利部,育兒生育,3000,全台,一般民眾,,,,,有子女（0-2歲）,"委託3親等內親屬照顧，親屬完成托育訓練後每月領3,000元",https://www.sfaa.gov.tw/,https://www.sfaa.gov.tw/,2026-05-09
child-special-needs,發展遲緩兒童療育補助,衛生福利部,育兒生育,1200,全台,一般民眾,,6,,,有發展遲緩子女,0-6歲發展遲緩兒童療育費用及交通補助，撥打1925申請早療,https://www.sfaa.gov.tw/,https://www.sfaa.gov.tw/,2026-05-09
child-second-plus,第二胎以上縣市獎勵,各縣市政府,育兒生育,30000,全台,設籍各縣市,,,,,第二胎以上,各縣市第二胎以上額外獎勵，各地金額1萬到20萬不等,https://www.gov.tw/,https://www.gov.tw/,2026-05-09
child-cwid,兒童未來教育及發展帳戶,衛生福利部,育兒生育,15000,全台,低收入戶,,,低收入或中低收入戶,,有子女,"政府每月存1,250元，家長配對同額，子女18歲後可領取",https://www.sfaa.gov.tw/,https://www.sfaa.gov.tw/,2026-05-09
child-nhi-dental,兒童牙齒塗氟補助,健保署,育兒生育,0,全台,一般民眾,,6,,,有子女（0-6歲）,6歲以下每3-6個月免費塗氟，在健保特約牙科申辦,https://www.nhi.gov.tw/,https://www.nhi.gov.tw/,2026-05-09
child-vaccine,兒童公費疫苗,衛生福利部,育兒生育,0,全台,一般民眾,,6,,,有子女,BCG、B肝、五合一、麻疹等多種疫苗全部公費免費,https://www.cdc.gov.tw/,https://www.cdc.gov.tw/,2026-05-09
child-neonatal-screen,新生兒篩檢,衛生福利部,育兒生育,0,全台,一般民眾,,,,,有新生兒,新生兒出生後接受21種先天代謝異常篩檢，政府全額補助,https://www.mohw.gov.tw/,https://www.mohw.gov.tw/,2026-05-09
child-birth-hsinchu-county,新竹縣生育獎勵,新竹縣政府,育兒生育,10000,新竹縣,設籍新竹縣,,,,,,設籍新竹縣生育者每胎1萬元,https://www.hchg.gov.tw/,https://www.hchg.gov.tw/,2026-05-09
child-birth-miaoli,苗栗縣生育津貼,苗栗縣政府,育兒生育,10000,苗栗縣,設籍苗栗縣,,,,,,設籍苗栗縣生育者每胎1萬元,https://www.miaoli.gov.tw/,https://www.miaoli.gov.tw/,2026-05-09
child-birth-changhua,彰化縣生育獎勵,彰化縣政府,育兒生育,12000,彰化縣,設籍彰化縣,,,,,,設籍彰化縣生育者每胎1.2萬元,https://www.chcg.gov.tw/,https://www.chcg.gov.tw/,2026-05-09
job-unemployment,失業給付,勞保局,就業,17928,全台,勞保被保險人,,,,,,非自願離職可領投保薪資60%，最長6個月，每月至就服站辦理再認定,https://www.bli.gov.tw/,https://www.bli.gov.tw/,2026-05-09
job-training-living,職業訓練生活津貼,勞動部,就業,13047,全台,一般民眾,,,,,,參加政府全日制職訓期間每月領基本工資60%，自願離職亦可申請,https://www.wda.gov.tw/,https://www.wda.gov.tw/,2026-05-09
job-early-reemploy,提早就業獎助,勞動部,就業,30000,全台,勞保被保險人,,,,,,失業給付請領期間提早就業，剩餘給付50%作為獎助金，最高3萬,https://www.wda.gov.tw/,https://www.wda.gov.tw/,2026-05-09
job-cross-region,跨域就業補助,勞動部,就業,30000,全台,一般民眾,,,,,,跨縣市就業距離超過30公里，可申請交通費及搬遷費補助,https://www.taiwanjobs.gov.tw/,https://www.taiwanjobs.gov.tw/,2026-05-09
job-women-return,婦女再就業計畫,勞動部,就業,180000,全台,女性,30,65,,,,因育兒離職後重返職場，免費職訓加就業媒合，成功就業可領獎助,https://www.wda.gov.tw/,https://www.wda.gov.tw/,2026-05-09
job-senior,中高齡就業促進,勞動部,就業,30000,全台,中高齡,45,,,,,45歲以上求職者就業補助，免費職訓及穩定就業獎助金,https://www.wda.gov.tw/,https://www.wda.gov.tw/,2026-05-09
job-temp,臨時工作津貼,勞動部,就業,28590,全台,弱勢失業者,,,,,,就業困難者參與政府或非營利機構臨時工作，每月領基本工資,https://www.wda.gov.tw/,https://www.wda.gov.tw/,2026-05-09
job-career-training,公費職業訓練,勞動部,就業,0,全台,一般民眾,,,,,,政府免費提供職訓（IT、設計、廚師等），市值2-8萬元,https://www.taiwanjobs.gov.tw/,https://www.taiwanjobs.gov.tw/,2026-05-09
job-workplace-learn,職場學習及再適應計畫,勞動部,就業,79200,全台,一般民眾,,,,,,"就服站媒合進入企業體驗3個月，每月領26,400元津貼",https://www.wda.gov.tw/,https://www.wda.gov.tw/,2026-05-09
job-youth-flagship,青年就業旗艦計畫,勞動部,就業,依薪資,全台,青年,18,29,,,,企業提供6個月帶薪訓練，政府補助雇主，青年取得正式工作,https://www.wda.gov.tw/,https://www.wda.gov.tw/,2026-05-09
job-digital-talent,數位人才培育補助,勞動部,就業,40000,全台,一般民眾,,,,,,政府補貼80%數位技能培訓費，含AI、雲端、資安等課程,https://www.wda.gov.tw/,https://www.wda.gov.tw/,2026-05-09
job-disability-employ,身障者就業補助,勞動部,就業,12000,全台,身心障礙者,,,,,,身障者就業獎助及職場適應支援，雇主聘用每人每月可領補助,https://www.wda.gov.tw/,https://www.wda.gov.tw/,2026-05-09
job-indigenous-employ,原住民就業補助,原住民族委員會,就業,18000,全台,原住民,,,,,,原住民族就業促進計畫，包含就業獎勵金及職場輔導,https://www.apc.gov.tw/,https://www.apc.gov.tw/,2026-05-09
job-mid-career-stable,中高齡穩定就業獎助,勞動部,就業,100000,全台,中高齡,45,,,,,再就業後穩定工作3年可領最高10萬元獎助，分3年撥付,https://www.wda.gov.tw/,https://www.wda.gov.tw/,2026-05-09
job-enterprise-hire,企業僱用特定對象補助,勞動部,就業,36000,全台,雇主,,,,,,企業聘用失業逾6個月、身障或45歲以上者，每人每月可領獎助金,https://www.wda.gov.tw/,https://www.wda.gov.tw/,2026-05-09
job-freelance-union,自由工作者加保職業工會,各職業工會,就業,0,全台,自由工作者,,,,,,接案族加入職業工會可加保勞保與健保，月保費約800元享職傷保障,https://www.bli.gov.tw/,https://www.bli.gov.tw/,2026-05-09
job-veteran-employ,退伍軍人就業補助,國防部,就業,0,全台,退伍軍人,,,,,,退伍軍人就業媒合、免費職訓及就業推薦函服務,https://www.mnd.gov.tw/,https://www.mnd.gov.tw/,2026-05-09
job-rural-youth,農村青年就業補助,農業部,就業,依薪資,全台,青年,20,45,,,,返鄉從事農業者可申請青農輔導及薪資補助,https://www.coa.gov.tw/,https://www.coa.gov.tw/,2026-05-09
job-self-employ-fund,失業者創業微型貸款,勞動部,就業,1000000,全台,失業者,20,65,,,,失業者自行創業可申請100萬以下微型貸款，年利率1.5%,https://beboss.wda.gov.tw/,https://beboss.wda.gov.tw/,2026-05-09
job-career-counsel,免費就業諮詢服務,勞動部,就業,0,全台,一般民眾,,,,,,全台就業服務站提供免費求職媒合、履歷健診及職涯諮詢,https://www.taiwanjobs.gov.tw/,https://www.taiwanjobs.gov.tw/,2026-05-09
poor-living,低收入戶生活扶助,各縣市社會局,低收入弱勢,9829,全台,低收入戶,,,低收入戶,,,通過低收入戶資格審查，每人每月生活扶助，金額依縣市及類別不同,https://www.sfaa.gov.tw/,https://www.sfaa.gov.tw/,2026-05-09
poor-emergency,急難救助金,各縣市社會局,低收入弱勢,60000,全台,一般民眾,,,,,,突發緊急困境可申請，最高6萬元，審查快速約1週,https://www.sfaa.gov.tw/,https://www.sfaa.gov.tw/,2026-05-09
poor-medical,弱勢醫療補助,各縣市社會局,低收入弱勢,30000,全台,低收入戶,,,低收入或中低收入戶,,,低收入及中低收入者醫療費用自付額補助，住院門診均適用,https://www.sfaa.gov.tw/,https://www.sfaa.gov.tw/,2026-05-09
poor-food,食物銀行物資,社會福利機構,低收入弱勢,0,全台,弱勢族群,,,低收入或中低收入戶,,,定期領取食物及生活用品，各地由家扶、善牧等機構辦理,https://www.sfaa.gov.tw/,https://www.sfaa.gov.tw/,2026-05-09
poor-edu,弱勢就學補助,教育部,低收入弱勢,10000,全台,低收入戶,,,低收入或中低收入戶,,,低收入家庭學童學費補助，高中以上學費全免,https://www.sfaa.gov.tw/,https://www.sfaa.gov.tw/,2026-05-09
poor-utility,水電費補助,台電/台水,低收入弱勢,2400,全台,低收入戶,,,低收入戶,,,低收入戶水費電費優惠，部分縣市自動減免無需另外申請,https://www.sfaa.gov.tw/,https://www.sfaa.gov.tw/,2026-05-09
poor-funeral,喪葬補助,各縣市社會局,低收入弱勢,20000,全台,低收入戶,,,低收入戶,,,低收入戶家庭成員死亡可申請喪葬費補助，最高2萬元,https://www.sfaa.gov.tw/,https://www.sfaa.gov.tw/,2026-05-09
poor-health-insure,低收入戶健保費免繳,健保署,低收入弱勢,24000,全台,低收入戶,,,低收入戶,,,低收入戶全家健保費由政府全額負擔，4口家庭省約2.4萬/年,https://www.nhi.gov.tw/,https://www.nhi.gov.tw/,2026-05-09
poor-mid-living,中低收入戶生活補助,各縣市社會局,低收入弱勢,6000,全台,中低收入戶,,,中低收入戶,,,未達低收入戶但生活困難者，每月補助金額依縣市不同,https://www.sfaa.gov.tw/,https://www.sfaa.gov.tw/,2026-05-09
poor-cwid,兒童發展帳戶（CWID）,衛生福利部,低收入弱勢,15000,全台,低收入戶,,,低收入或中低收入戶,,有子女,"政府每月存1,250元，家長配對同額，每年最高3萬元",https://www.sfaa.gov.tw/,https://www.sfaa.gov.tw/,2026-05-09
elder-pension-basic,老年基本保證年金,勞保局,老年長照,4005,全台,國民年金被保險人,65,,,,,年滿65歲繳費年資滿一定年限，每月領基本年金,https://www.bli.gov.tw/,https://www.bli.gov.tw/,2026-05-09
elder-mid-low,中低收入老人生活津貼,各縣市社會局,老年長照,7550,全台,老年人,65,,中低收入戶,,,"65歲以上中低收入老人每月最高7,550元津貼",https://www.sfaa.gov.tw/,https://www.sfaa.gov.tw/,2026-05-09
elder-ltc,長照2.0居家服務,衛生福利部,老年長照,40000,全台,老年人,65,,,,,失能老人居家照護費用補助，依失能等級補助1-4萬/月，撥打1966申請,https://1966.gov.tw/,https://1966.gov.tw/,2026-05-09
elder-denture,老人假牙補助,各縣市衛生局,老年長照,7000,全台,老年人,65,,,,,"65歲以上老人裝置假牙補助，每顆最高7,000元，在健保特約牙科申辦",https://www.hpa.gov.tw/,https://www.hpa.gov.tw/,2026-05-09
elder-home-care,居家服務補助,衛生福利部,老年長照,190,全台,老年人,65,,,,,失能老人居家生活照顧，每小時最高190元，低收入戶免費,https://1966.gov.tw/,https://1966.gov.tw/,2026-05-09
elder-meal,送餐到府服務,各縣市社會局,老年長照,60,全台,老年人,65,,,,獨居或行動不便,行動不便老人申請送餐服務，每餐最低自付60元,https://www.sfaa.gov.tw/,https://www.sfaa.gov.tw/,2026-05-09
elder-respite,喘息服務補助,衛生福利部,老年長照,0,全台,一般民眾,,,,,有失能長者,照顧者申請喘息服務讓專業人員暫代照顧，減輕家屬負擔,https://1966.gov.tw/,https://1966.gov.tw/,2026-05-09
elder-tpass,敬老TPASS乘車回饋,交通部,老年長照,18000,全台,老年人,65,,,,,"持敬老卡搭大眾運輸自動回饋，每年最高省18,000元",https://www.motc.gov.tw/,https://www.motc.gov.tw/,2026-05-09
elder-ltc-deduction,長照特別扣除額,財政部,老年長照,9000,全台,一般民眾,,,,,有失能長者,"子女報稅時申報扶養失能長者，每人扣除額18萬，省稅9,000元以上",https://www.mof.gov.tw/,https://www.mof.gov.tw/,2026-05-09
elder-health-check,老人免費成人健檢,衛生福利部,老年長照,0,全台,老年人,65,,,,,65歲以上每年免費成人健檢，含血壓、血糖、血脂、肝腎功能,https://www.hpa.gov.tw/,https://www.hpa.gov.tw/,2026-05-09
elder-flu-vaccine,流感疫苗（老人公費）,衛生福利部,老年長照,0,全台,老年人,65,,,,,65歲以上每年秋冬公費流感疫苗，至各診所或衛生所接種,https://www.cdc.gov.tw/,https://www.cdc.gov.tw/,2026-05-09
elder-pneumonia-vaccine,肺炎鏈球菌疫苗（老人）,衛生福利部,老年長照,0,全台,老年人,65,,,,,65歲以上一生接種一次公費肺炎鏈球菌疫苗,https://www.cdc.gov.tw/,https://www.cdc.gov.tw/,2026-05-09
dis-living-light,身障生活補助（輕度）,各縣市社會局,身心障礙,3579,全台,身心障礙者,,,符合所得限制,,,"持輕度身障手冊、符合所得限制，每月3,579元生活補助",https://www.sfaa.gov.tw/,https://www.sfaa.gov.tw/,2026-05-09
dis-living-mid,身障生活補助（中度）,各縣市社會局,身心障礙,4881,全台,身心障礙者,,,符合所得限制,,,"持中度身障手冊、符合所得限制，每月4,881元生活補助",https://www.sfaa.gov.tw/,https://www.sfaa.gov.tw/,2026-05-09
dis-living-heavy,身障生活補助（重度）,各縣市社會局,身心障礙,6183,全台,身心障礙者,,,符合所得限制,,,"持重度身障手冊、符合所得限制，每月6,183元生活補助",https://www.sfaa.gov.tw/,https://www.sfaa.gov.tw/,2026-05-09
dis-living-extreme,身障生活補助（極重度）,各縣市社會局,身心障礙,7485,全台,身心障礙者,,,符合所得限制,,,"持極重度身障手冊、符合所得限制，每月7,485元生活補助",https://www.sfaa.gov.tw/,https://www.sfaa.gov.tw/,2026-05-09
dis-assist-device,輔具補助,衛生福利部,身心障礙,80000,全台,身心障礙者,,,,,,"醫師評估需求後，依項目補助輔具費用：輪椅最高24,700元、助聽器44,700元",https://repat.sfaa.gov.tw/,https://repat.sfaa.gov.tw/,2026-05-09
dis-transport,身障交通補助,各縣市社會局,身心障礙,2400,全台,身心障礙者,,,,,,"身障者搭乘大眾交通或復康巴士補助，每月最高2,400元",https://www.sfaa.gov.tw/,https://www.sfaa.gov.tw/,2026-05-09
dis-employment,身障者就業補助,勞動部,身心障礙,12000,全台,身心障礙者,,,,,,身障者就業獎助及職場適應支援，雇主聘用每人每月可領補助,https://www.wda.gov.tw/,https://www.wda.gov.tw/,2026-05-09
dis-vocational,身障職業訓練,勞動部,身心障礙,0,全台,身心障礙者,,,,,,"身障者參加職業訓練課程費用全免，訓練期間可領生活津貼13,047元/月",https://www.wda.gov.tw/,https://www.wda.gov.tw/,2026-05-09
dis-medical,身障醫療補助,各縣市社會局,身心障礙,12000,全台,身心障礙者,,,低收入或中低收入戶,,,"具低收或中低收入資格身障者，醫療費用自付額補助，每年最高12,000元",https://www.sfaa.gov.tw/,https://www.sfaa.gov.tw/,2026-05-09
dis-housing,身障住宅無障礙改善,各縣市社會局,身心障礙,100000,全台,身心障礙者,,,,,,身障者住宅增設無障礙設施補助，如扶手、斜坡、電梯，每戶最高10萬元,https://www.sfaa.gov.tw/,https://www.sfaa.gov.tw/,2026-05-09
dis-tax-deduct,身障特別扣除額,財政部,身心障礙,207000,全台,身心障礙者,,,,,,"申報綜所稅時每人扣除20.7萬元，稅率12%者省稅24,840元",https://www.mof.gov.tw/,https://www.mof.gov.tw/,2026-05-09
dis-health-insure,身障健保費補助,健保署,身心障礙,6000,全台,身心障礙者,,,符合所得限制,,,中低收入身障者健保費由政府全額或部分補助,https://www.nhi.gov.tw/,https://www.nhi.gov.tw/,2026-05-09
dis-vocational-rehab,職業重建服務,勞動部,身心障礙,0,全台,身心障礙者,,,,,,免費職業評量、職務再設計及就業陪伴服務，向職業重建中心申請,https://www.wda.gov.tw/,https://www.wda.gov.tw/,2026-05-09
dis-care-home,身障居家照顧服務,衛生福利部,身心障礙,190,全台,身心障礙者,,,,,,身障者居家生活照顧服務補助，每小時最高190元，低收入戶免費,https://1966.gov.tw/,https://1966.gov.tw/,2026-05-09
dis-care-day,身障日間照顧服務,衛生福利部,身心障礙,依評估,全台,身心障礙者,,,,,,無法自理生活的身障者日間照顧服務，依失能等級補助,https://1966.gov.tw/,https://1966.gov.tw/,2026-05-09
dis-parking,身障停車位優惠,交通部,身心障礙,6000,全台,身心障礙者,,,,,,"持手冊可申請身障停車識別證，享停車費優惠或免費，每年省3,000-6,000元",https://www.motc.gov.tw/,https://www.motc.gov.tw/,2026-05-09
dis-income-support,身障者就業所得補助,勞動部,身心障礙,5000,全台,身心障礙者,,,,,,低薪身障就業者薪資差額補助，鼓勵就業,https://www.wda.gov.tw/,https://www.wda.gov.tw/,2026-05-09
dis-sport,身障者運動及休閒補助,教育部,身心障礙,0,全台,身心障礙者,,,,,,身障者參加體育活動及競技訓練補助,https://www.sa.gov.tw/,https://www.sa.gov.tw/,2026-05-09
dis-caregiver,身障照顧者喘息服務,衛生福利部,身心障礙,0,全台,身心障礙者家屬,,,,,,家庭照顧者申請喘息服務，每年最高14天免費居家照顧,https://1966.gov.tw/,https://1966.gov.tw/,2026-05-09
dis-assistive-eval,輔具評估服務,衛生福利部,身心障礙,0,全台,身心障礙者,,,,,,免費輔具需求評估，協助申請適合輔具，由各縣市輔具資源中心辦理,https://repat.sfaa.gov.tw/,https://repat.sfaa.gov.tw/,2026-05-09
dis-newborn-screen,新生兒聽力篩檢,衛生福利部,身心障礙,0,全台,一般民眾,,,,,有新生兒,新生兒出院前免費聽力篩檢，早期發現聽障盡早介入,https://www.mohw.gov.tw/,https://www.mohw.gov.tw/,2026-05-09
dis-early-interv,早期療育服務,衛生福利部,身心障礙,0,全台,一般民眾,,6,,,有發展遲緩子女,0-6歲發展遲緩兒童享免費早期療育評估及聯合評估,https://www.sfaa.gov.tw/,https://www.sfaa.gov.tw/,2026-05-09
dis-mental-health,精神疾病社區復健,衛生福利部,身心障礙,0,全台,精神障礙者,,,,,,精神疾病者可申請日間型社區復健中心服務，費用由健保或政府支付,https://www.mohw.gov.tw/,https://www.mohw.gov.tw/,2026-05-09
dis-study,身障學生學費補助,教育部,身心障礙,30000,全台,身心障礙者,,22,,,,就讀大專院校身障學生學費補助，減免學雜費30-100%,https://www.moe.gov.tw/,https://www.moe.gov.tw/,2026-05-09
dis-bus-free,身障者大眾運輸優惠,交通部,身心障礙,0,全台,重度身心障礙者,,,,,,重度以上身障者搭乘公車免費，中度以上搭乘台鐵半價,https://www.motc.gov.tw/,https://www.motc.gov.tw/,2026-05-09
agri-rice-pay,稻作直接給付,農業部,農業,21000,全台,農民,,,,,,"申報種稻農民按公頃補貼，每期10,500元，每年2期，建立穩定農業收入",https://www.coa.gov.tw/,https://www.coa.gov.tw/,2026-05-09
agri-fallow,農地休耕補助,農業部,農業,45000,全台,農民,,,,,,"農地休耕期間補貼，每年每公頃最高45,000元",https://www.coa.gov.tw/,https://www.coa.gov.tw/,2026-05-09
agri-insurance,農保保費補助70%,農業部,農業,2184,全台,農民,,,,,,加入農保自付28元/月，政府補貼70%保費，享醫療傷病保障,https://www.coa.gov.tw/,https://www.coa.gov.tw/,2026-05-09
agri-retirement,農民退休儲金（配對）,農業部,農業,120000,全台,農民,,,,,,"農民每月自存，政府等額配對最高10,000元/月，為退休累積財源",https://www.coa.gov.tw/,https://www.coa.gov.tw/,2026-05-09
agri-old-age,農保老年給付,農業部,農業,依年資,全台,農民,,,,,,"農保投保年資×7,000元一次給付，60歲可申請",https://www.coa.gov.tw/,https://www.coa.gov.tw/,2026-05-09
agri-machinery,農機具補助,農業部,農業,200000,全台,農民,,,,,,購置農機設備補助30-50%費用，如曳引機、收割機等，每件最高20萬,https://www.coa.gov.tw/,https://www.coa.gov.tw/,2026-05-09
agri-greenhouse,溫網室農業設施補助,農業部,農業,500000,全台,農民,,,,,,興建溫室、網室等設施補助30-50%，最高50萬元,https://www.coa.gov.tw/,https://www.coa.gov.tw/,2026-05-09
agri-organic,有機農業轉型補助,農業部,農業,120000,全台,農民,,,,,,慣行農業轉型有機農業，3年輔導期每公頃補助4萬元/年,https://www.coa.gov.tw/,https://www.coa.gov.tw/,2026-05-09
agri-disaster,農業天然災害救助,農業部,農業,依損失,全台,農民,,,,,,颱風、洪水等天然災害導致農損，可申請每公頃最高10萬元救助,https://www.coa.gov.tw/,https://www.coa.gov.tw/,2026-05-09
agri-crop-insure,農業保險保費補助,農業部,農業,依作物,全台,農民,,,,,,政府補助農作物保險保費50%，保障天然災害收入損失,https://www.coa.gov.tw/,https://www.coa.gov.tw/,2026-05-09
agri-young-farmer,青年農民輔導計畫,農業部,農業,180000,全台,青年農民,20,45,,,,返鄉青農可獲3年輔導，每年補助6萬元，並提供農地媒合及技術指導,https://www.coa.gov.tw/,https://www.coa.gov.tw/,2026-05-09
agri-smart,智慧農業科技補助,農業部,農業,300000,全台,農民,,,,,,導入IoT感測、自動灌溉等智慧農業技術，補助最高30萬元,https://www.coa.gov.tw/,https://www.coa.gov.tw/,2026-05-09
agri-rural-renewal,農村再生補助,農業部,農業,依計畫,全台,農村社區,,,,,,農村社區整體建設補助，改善生活環境及農業發展,https://www.ardss.gov.tw/,https://www.ardss.gov.tw/,2026-05-09
agri-water,農業用水補助,農業部,農業,依用量,全台,農民,,,,,,農業灌溉水費補助，減輕農民用水成本,https://www.coa.gov.tw/,https://www.coa.gov.tw/,2026-05-09
agri-marketing,農產品行銷補助,農業部,農業,100000,全台,農民,,,,,,農產品品牌建立及行銷推廣補助，最高10萬元,https://www.coa.gov.tw/,https://www.coa.gov.tw/,2026-05-09
agri-processing,農產加工補助,農業部,農業,300000,全台,農民,,,,,,設置農產加工設備補助50%費用，發展六級產業,https://www.coa.gov.tw/,https://www.coa.gov.tw/,2026-05-09
agri-fishery,漁業補助（休漁補貼）,農業部漁業署,農業,依噸位,全台,漁民,,,,,,實施休漁期間漁船漁民生活補助，按船隻噸位計算,https://www.fa.gov.tw/,https://www.fa.gov.tw/,2026-05-09
agri-fish-insure,漁業保險補助,農業部漁業署,農業,依費率,全台,漁民,,,,,,漁船及漁民意外保險保費補助50%,https://www.fa.gov.tw/,https://www.fa.gov.tw/,2026-05-09
agri-fish-disaster,漁業天然災害救助,農業部漁業署,農業,依損失,全台,漁民,,,,,,颱風等天然災害造成漁業損失救助,https://www.fa.gov.tw/,https://www.fa.gov.tw/,2026-05-09
agri-aqua,養殖漁業設施補助,農業部漁業署,農業,500000,全台,養殖漁民,,,,,,養殖設施（魚池、循環水系統）建設補助30-50%，最高50萬,https://www.fa.gov.tw/,https://www.fa.gov.tw/,2026-05-09
agri-vet,畜牧業補助,農業部畜產試驗所,農業,依項目,全台,畜牧業者,,,,,,畜舍改善、廢水處理、設備更新等補助30-50%,https://www.coa.gov.tw/,https://www.coa.gov.tw/,2026-05-09
agri-pork-price,毛豬價格穩定基金,農業部,農業,依差額,全台,養豬業者,,,,,,毛豬市場價格低於保證價格時，補貼業者差額損失,https://www.coa.gov.tw/,https://www.coa.gov.tw/,2026-05-09
agri-forest,造林補助,農業部林業及自然保育署,農業,21000,全台,土地所有人,,,,,,"造林每年每公頃補助21,000元，連補20年，含碳匯效益",https://www.forest.gov.tw/,https://www.forest.gov.tw/,2026-05-09
agri-carbon,農業碳匯補助,農業部,農業,依碳量,全台,農民,,,,,,農業碳匯申請補助，種植友善環境作物可獲額外獎勵,https://www.coa.gov.tw/,https://www.coa.gov.tw/,2026-05-09
agri-cooperative,農業合作社補助,農業部,農業,依計畫,全台,農業合作組織,,,,,,農業合作社成立及運作補助，促進農業規模化,https://www.coa.gov.tw/,https://www.coa.gov.tw/,2026-05-09
agri-fertilizer,肥料補助,農業部,農業,依用量,全台,農民,,,,,,推廣有機肥料使用，部分費用由政府補助,https://www.coa.gov.tw/,https://www.coa.gov.tw/,2026-05-09
agri-solar-farm,農地太陽能發電補助,農業部/經濟部,農業,依規模,全台,農民,,,,,,農業設施屋頂設置太陽能，農電共生補助,https://www.coa.gov.tw/,https://www.coa.gov.tw/,2026-05-09
agri-loan,農業貸款利息補貼,農業部,農業,依貸款,全台,農民,,,,,,農民購地、農機、設施貸款利息補貼，降低融資成本,https://www.coa.gov.tw/,https://www.coa.gov.tw/,2026-05-09
agri-land-bank,農地銀行服務,農業部,農業,0,全台,農民,,,,,,媒合農地出租承租，協助青農取得農地，免費服務,https://www.coa.gov.tw/,https://www.coa.gov.tw/,2026-05-09
agri-flower,花卉產業補助,農業部,農業,依計畫,全台,花卉農民,,,,,,花卉品種改良、栽培技術、外銷推廣等補助,https://www.coa.gov.tw/,https://www.coa.gov.tw/,2026-05-09
agri-tea,茶業發展補助,農業部,農業,依計畫,全台,茶農,,,,,,茶葉製程改良、品牌建立及外銷推廣補助,https://www.coa.gov.tw/,https://www.coa.gov.tw/,2026-05-09
agri-fruit,果樹更新補助,農業部,農業,50000,全台,農民,,,,,,老舊果樹更新、品種改良補助，每公頃最高5萬,https://www.coa.gov.tw/,https://www.coa.gov.tw/,2026-05-09
agri-seed,種苗補助,農業部,農業,依計畫,全台,農民,,,,,,優良種苗供應及補助，推廣台灣優良品種,https://www.coa.gov.tw/,https://www.coa.gov.tw/,2026-05-09
agri-pesticide,農藥減量補助,農業部,農業,依計畫,全台,農民,,,,,,推動減少農藥使用，採用友善農業者獲補助獎勵,https://www.coa.gov.tw/,https://www.coa.gov.tw/,2026-05-09
agri-training,農業技術訓練,農業部,農業,0,全台,農民,,,,,,免費農業技術訓練課程，含有機農業、智慧農業等,https://www.coa.gov.tw/,https://www.coa.gov.tw/,2026-05-09
agri-health-check,農民健康檢查,衛生福利部,農業,0,全台,農民,,,,,,農保被保險人可申請每2年一次免費健康檢查,https://www.hpa.gov.tw/,https://www.hpa.gov.tw/,2026-05-09
agri-disability-farm,農民職業災害補助,農業部,農業,依傷情,全台,農民,,,,,,農作業發生職業災害可申請農保職業傷病補助,https://www.coa.gov.tw/,https://www.coa.gov.tw/,2026-05-09
agri-drought,旱災救助補助,農業部,農業,依損失,全台,農民,,,,,,乾旱導致農損，提供抽水費補助及作物損失救助,https://www.coa.gov.tw/,https://www.coa.gov.tw/,2026-05-09
agri-export,農產品外銷補助,農業部,農業,100000,全台,農民,,,,,,農產品參加國際展覽及外銷推廣費用補助,https://www.coa.gov.tw/,https://www.coa.gov.tw/,2026-05-09
agri-cold-chain,農產品冷鏈補助,農業部,農業,500000,全台,農業業者,,,,,,建置農產品冷鏈物流設施補助50%，保障農產品品質,https://www.coa.gov.tw/,https://www.coa.gov.tw/,2026-05-09
agri-traceability,農產品追溯補助,農業部,農業,依計畫,全台,農民,,,,,,建立農產品生產履歷及追溯系統，補助系統建置費用,https://www.coa.gov.tw/,https://www.coa.gov.tw/,2026-05-09
agri-rural-tourism,農村旅遊補助,農業部,農業,依計畫,全台,農場業者,,,,,,休閒農場認證及農村旅遊推廣活動補助,https://www.coa.gov.tw/,https://www.coa.gov.tw/,2026-05-09
agri-mushroom,菇類栽培補助,農業部,農業,依計畫,全台,農民,,,,,,食用菇類栽培設備及技術輔導補助,https://www.coa.gov.tw/,https://www.coa.gov.tw/,2026-05-09
agri-bamboo,竹業發展補助,農業部林業署,農業,依計畫,全台,竹農,,,,,,竹材採收利用及加工設備補助,https://www.forest.gov.tw/,https://www.forest.gov.tw/,2026-05-09
agri-bee,養蜂補助,農業部,農業,依計畫,全台,養蜂業者,,,,,,蜂箱、蜂種及設備補助，推廣台灣養蜂產業,https://www.coa.gov.tw/,https://www.coa.gov.tw/,2026-05-09
agri-drone,農業無人機補助,農業部,農業,200000,全台,農民,,,,,,購置農業無人機補助最高20萬，提升噴藥及管理效率,https://www.coa.gov.tw/,https://www.coa.gov.tw/,2026-05-09
agri-salt,鹽田農業補助,農業部漁業署,農業,依計畫,全台,鹽田業者,,,,,,傳統鹽田保存及鹽業文化推廣補助,https://www.fa.gov.tw/,https://www.fa.gov.tw/,2026-05-09
agri-herb,藥用植物栽培補助,農業部,農業,依計畫,全台,農民,,,,,,藥用植物（薑黃、黃耆等）栽培及加工補助,https://www.coa.gov.tw/,https://www.coa.gov.tw/,2026-05-09
agri-compost,堆肥補助,農業部,農業,依計畫,全台,農民,,,,,,推廣農業廢棄物堆肥化補助，減少環境負擔,https://www.coa.gov.tw/,https://www.coa.gov.tw/,2026-05-09
agri-income-protect,農業所得保險,農業部,農業,依費率,全台,農民,,,,,,農作物收入保險，價格下跌時補貼差額，穩定農民收入,https://www.coa.gov.tw/,https://www.coa.gov.tw/,2026-05-09
health-adult-check,成人預防保健（40歲以上）,衛生福利部,醫療健康,0,全台,一般民眾,40,,,,,40-64歲每3年一次、65歲以上每年一次免費成人健康檢查,https://www.hpa.gov.tw/,https://www.hpa.gov.tw/,2026-05-09
health-cervix-screen,子宮頸癌篩檢,衛生福利部,醫療健康,0,全台,女性,30,,,,,30歲以上女性每年一次免費子宮頸抹片篩檢,https://www.hpa.gov.tw/,https://www.hpa.gov.tw/,2026-05-09
health-breast-screen,乳癌篩檢,衛生福利部,醫療健康,0,全台,女性,45,,,,,45-69歲女性每2年一次免費乳房X光攝影篩檢,https://www.hpa.gov.tw/,https://www.hpa.gov.tw/,2026-05-09
health-colon-screen,大腸癌篩檢,衛生福利部,醫療健康,0,全台,一般民眾,50,74,,,,50-74歲每2年一次免費糞便潛血篩檢,https://www.hpa.gov.tw/,https://www.hpa.gov.tw/,2026-05-09
health-oral-screen,口腔癌篩檢,衛生福利部,醫療健康,0,全台,有吸菸或嚼檳榔習慣者,30,,,,,30歲以上有吸菸或嚼檳榔習慣者每2年一次免費口腔篩檢,https://www.hpa.gov.tw/,https://www.hpa.gov.tw/,2026-05-09
health-flu-free,流感疫苗（公費）,衛生福利部,醫療健康,0,全台,特定對象,,,,,,65歲以上、孕婦、6歲以下幼兒等公費流感疫苗，每年秋冬接種,https://www.cdc.gov.tw/,https://www.cdc.gov.tw/,2026-05-09
health-pneumo-senior,肺炎鏈球菌疫苗（老人）,衛生福利部,醫療健康,0,全台,老年人,65,,,,,65歲以上一生接種一次公費肺炎鏈球菌疫苗,https://www.cdc.gov.tw/,https://www.cdc.gov.tw/,2026-05-09
health-hepatitis-b,B型肝炎篩檢,衛生福利部,醫療健康,0,全台,一般民眾,45,79,,,,45-79歲民眾可申請一次免費B型肝炎表面抗原及抗體篩檢,https://www.hpa.gov.tw/,https://www.hpa.gov.tw/,2026-05-09
health-hepatitis-c,C型肝炎篩檢,衛生福利部,醫療健康,0,全台,一般民眾,45,79,,,,45-79歲（含原住民40歲）一次免費C型肝炎篩檢,https://www.hpa.gov.tw/,https://www.hpa.gov.tw/,2026-05-09
health-kidney,腎臟病篩檢,衛生福利部,醫療健康,0,全台,特定高風險族群,,,,,,糖尿病、高血壓、65歲以上患者可申請免費腎功能篩檢,https://www.hpa.gov.tw/,https://www.hpa.gov.tw/,2026-05-09
health-diabetes,糖尿病篩檢,衛生福利部,醫療健康,0,全台,一般民眾,40,,,,,40歲以上定期空腹血糖篩檢，納入成人健檢項目,https://www.hpa.gov.tw/,https://www.hpa.gov.tw/,2026-05-09
health-hypertension,高血壓篩檢,衛生福利部,醫療健康,0,全台,一般民眾,18,,,,,成人預防保健含血壓量測，高風險族群定期追蹤,https://www.hpa.gov.tw/,https://www.hpa.gov.tw/,2026-05-09
health-hpv-vaccine,HPV疫苗（公費）,衛生福利部,醫療健康,0,全台,青少年,,16,,,,國一女生及男生公費HPV疫苗接種，預防子宮頸癌及相關癌症,https://www.cdc.gov.tw/,https://www.cdc.gov.tw/,2026-05-09
health-pregcheck,孕婦產前檢查,衛生福利部,醫療健康,0,全台,孕婦,,,,,懷孕,孕婦享14次公費產前檢查，含多項超音波及血液篩檢,https://www.hpa.gov.tw/,https://www.hpa.gov.tw/,2026-05-09
health-prenatal-screen,孕婦產前唐氏症篩檢,衛生福利部,醫療健康,0,全台,孕婦,34,,,,懷孕,34歲以上孕婦可申請公費羊膜穿刺，預防唐氏症,https://www.hpa.gov.tw/,https://www.hpa.gov.tw/,2026-05-09
health-nhi-major,重大傷病健保免自付,健保署,醫療健康,依費用,全台,重大傷病患者,,,,,,領有重大傷病卡者，門診住院自付額全免，減輕醫療負擔,https://www.nhi.gov.tw/,https://www.nhi.gov.tw/,2026-05-09
health-rare,罕見疾病醫療補助,衛生福利部,醫療健康,依用藥,全台,罕見疾病患者,,,,,,罕見疾病患者特殊醫療費用及藥費由政府全額補助,https://www.tfrd.org.tw/,https://www.tfrd.org.tw/,2026-05-09
health-mental,精神疾病醫療補助,衛生福利部,醫療健康,依就醫,全台,精神疾病患者,,,低收入戶,,,低收入精神疾病患者醫療費用減免及居家治療補助,https://www.mohw.gov.tw/,https://www.mohw.gov.tw/,2026-05-09
health-palliative,安寧療護服務,健保署,醫療健康,0,全台,末期病人,,,,,,末期病人安寧療護費用納入健保，提供舒適善終照護,https://www.nhi.gov.tw/,https://www.nhi.gov.tw/,2026-05-09
health-quit-smoke,戒菸補助,衛生福利部,醫療健康,0,全台,吸菸者,,,,,,提供免費戒菸諮詢、藥物補助，2次/年，每次8週,https://www.hpa.gov.tw/,https://www.hpa.gov.tw/,2026-05-09
health-quit-betel,戒檳榔補助,衛生福利部,醫療健康,0,全台,嚼檳榔者,,,,,,提供戒檳榔諮詢及補助服務,https://www.hpa.gov.tw/,https://www.hpa.gov.tw/,2026-05-09
health-dental-adult,成人牙齒預防保健,健保署,醫療健康,0,全台,一般民眾,18,,,,,18歲以上每半年一次免費牙齒塗氟及口腔檢查,https://www.nhi.gov.tw/,https://www.nhi.gov.tw/,2026-05-09
health-dialysis,洗腎交通補助,各縣市社會局,醫療健康,2000,全台,洗腎患者,,,,,,"因病需規律洗腎者，洗腎交通費補助每月最高2,000元",https://www.sfaa.gov.tw/,https://www.sfaa.gov.tw/,2026-05-09
health-cancer-drug,癌症新藥補助,健保署,醫療健康,依用藥,全台,癌症患者,,,,,,癌症標靶藥物及免疫療法部分納入健保或專案補助,https://www.nhi.gov.tw/,https://www.nhi.gov.tw/,2026-05-09
health-osteoporosis,骨質疏鬆篩檢,衛生福利部,醫療健康,0,全台,女性,65,,,,,65歲以上女性及特定高風險族群免費骨質密度篩檢,https://www.hpa.gov.tw/,https://www.hpa.gov.tw/,2026-05-09
health-eye,老人視力篩檢,衛生福利部,醫療健康,0,全台,老年人,65,,,,,65歲以上老人免費視力及白內障篩檢,https://www.hpa.gov.tw/,https://www.hpa.gov.tw/,2026-05-09
health-dementia,失智症篩檢,衛生福利部,醫療健康,0,全台,老年人,65,,,,,65歲以上老人可申請失智症初步篩檢，早期發現早期治療,https://www.hpa.gov.tw/,https://www.hpa.gov.tw/,2026-05-09
health-nhi-foreign,新住民健保特別照護,健保署,醫療健康,0,全台,新住民,,,,,,入籍取得身分證後享與一般民眾相同健保權益,https://www.nhi.gov.tw/,https://www.nhi.gov.tw/,2026-05-09
health-occupational,職業病補助,勞動部職安署,醫療健康,依損失,全台,勞工,,,,,,職業傷病認定後可申請醫療費用及失能補助,https://www.osha.gov.tw/,https://www.osha.gov.tw/,2026-05-09
health-low-copay,低收入戶就醫免自付,健保署,醫療健康,依費用,全台,低收入戶,,,低收入戶,,,低收入戶就醫自付額全免，減輕就醫障礙,https://www.nhi.gov.tw/,https://www.nhi.gov.tw/,2026-05-09
health-preterm,早產兒醫療補助,衛生福利部,醫療健康,依費用,全台,一般民眾,,,,,有早產兒,早產兒加護病房醫療費用超出健保給付部分，政府可補助,https://www.mohw.gov.tw/,https://www.mohw.gov.tw/,2026-05-09
health-vaccine-pneu-child,幼兒肺炎鏈球菌疫苗,衛生福利部,醫療健康,0,全台,一般民眾,,5,,,有子女,5歲以下幼兒公費肺炎鏈球菌疫苗，預防肺炎腦膜炎,https://www.cdc.gov.tw/,https://www.cdc.gov.tw/,2026-05-09
health-vaccine-rota,幼兒輪狀病毒疫苗,衛生福利部,醫療健康,0,全台,一般民眾,,1,,,有子女（2歲以下）,2024年起幼兒輪狀病毒疫苗納入公費，預防腹瀉,https://www.cdc.gov.tw/,https://www.cdc.gov.tw/,2026-05-09
health-breast-pump,產後護理補助,各縣市政府,醫療健康,依計畫,全台,產婦,,,,,有新生兒,產後護理機構入住費用補助，各縣市金額不同,https://www.mohw.gov.tw/,https://www.mohw.gov.tw/,2026-05-09
health-pregnancy-check,孕期營養補助,衛生福利部,醫療健康,0,全台,孕婦,,,,,懷孕,孕婦免費營養諮詢及葉酸等補充品補助,https://www.hpa.gov.tw/,https://www.hpa.gov.tw/,2026-05-09
health-disability-rehab,身障復健補助,健保署,醫療健康,0,全台,身心障礙者,,,,,,身障者物理治療、職能治療等復健費用納入健保，減輕負擔,https://www.nhi.gov.tw/,https://www.nhi.gov.tw/,2026-05-09
health-school-health,學童健康檢查,教育部/衛生部,醫療健康,0,全台,一般民眾,6,18,,,在學學生,國中小學童每年免費健康檢查，含視力、牙齒、體重等項目,https://www.hpa.gov.tw/,https://www.hpa.gov.tw/,2026-05-09
health-subsidy-transport,就醫交通補助,各縣市政府,醫療健康,1000,全台,偏鄉居民,,,,,,"偏鄉居民就醫交通費用補助，每月最高1,000元",https://www.mohw.gov.tw/,https://www.mohw.gov.tw/,2026-05-09
health-telehealth,偏鄉遠距醫療,衛生福利部,醫療健康,0,全台,偏鄉居民,,,,,,偏鄉地區民眾可使用政府補助的遠距醫療服務,https://www.mohw.gov.tw/,https://www.mohw.gov.tw/,2026-05-09
health-lung-screen,肺癌低劑量電腦斷層篩檢,衛生福利部,醫療健康,0,全台,高風險吸菸者,50,74,,,,50-74歲重度吸菸者，每2年一次免費低劑量肺部CT篩檢（2024年起）,https://www.hpa.gov.tw/,https://www.hpa.gov.tw/,2026-05-09
edu_001,大學學雜費減免（低收入戶全免）,教育部,教育進修,全免,全國,低收入戶,0,0,低收入戶,,在學,低收入戶學生大學學雜費全額減免，中低收入戶減免60%。向就讀學校申請。,https://www.edu.gov.tw/,https://www.edu.gov.tw/,2026-05-09
edu_002,大學學雜費減免（中低收入戶60%）,教育部,教育進修,減免60%,全國,中低收入戶,0,0,中低收入戶,,在學,"中低收入戶大學學雜費減免60%，每學期約減免15,000-25,000元。",https://www.edu.gov.tw/,https://www.edu.gov.tw/,2026-05-09
edu_003,就學貸款（無息或低息）,教育部,教育進修,全額貸款,全國,大學生,0,0,一般,,在學,家庭年收入122萬以下可申請就學貸款，畢業後還款，部分族群享無息優惠。,https://heloan.edu.tw/,https://heloan.edu.tw/,2026-05-09
edu_004,技職教育獎學金（技優）,教育部技職司,教育進修,"20,000-60,000/年",全國,技職院校學生,16,30,一般,,在學,技職院校優秀學生獎學金，每年最高6萬元，共2年，需成績前10%。,https://www.edu.gov.tw/,https://www.edu.gov.tw/,2026-05-09
edu_005,成人基本教育補習補助,教育部終身教育司,教育進修,免費,全國,成人,18,0,一般,,,未完成國中教育的成人可免費就讀國中補習學校，政府全額補助。,https://www.edu.gov.tw/,https://www.edu.gov.tw/,2026-05-09
edu_006,在職進修學費補助（勞動部）,勞動部,教育進修,最高70%學費,全國,受僱勞工,15,65,一般,,,"受僱勞工參加職業訓練課程，補助最高70%學費，每年上限10,000元。",https://www.wda.gov.tw/,https://www.wda.gov.tw/,2026-05-09
edu_007,產業人才投資方案（補助萬元）,勞動部,教育進修,"最高10,000/年",全國,在職勞工,25,65,一般,,,在職勞工參加政府認可訓練課程，每人每年最高補助1萬元學費，鼓勵終身學習。,https://www.wda.gov.tw/,https://www.wda.gov.tw/,2026-05-09
edu_008,青年儲蓄帳戶（青年教育與就業）,國發會,教育進修,最高36萬/3年,全國,高中畢業青年,18,21,一般,,,高中職畢業青年可選擇就業、就學、服務三軌，政府每月提供儲蓄金，3年最高36萬。,https://yesa.ndc.gov.tw/,https://yesa.ndc.gov.tw/,2026-05-09
edu_009,偏鄉地區學生交通補助,教育部,教育進修,全額或部分補助,偏遠地區,偏鄉學生,6,18,一般,,在學,就讀偏遠地區學校或需跨區就學的學生，補助交通費，金額依距離而定。,https://www.edu.gov.tw/,https://www.edu.gov.tw/,2026-05-09
edu_010,幼兒園準公共化補助,教育部,教育進修,"最高6,000/月",全國,幼兒家長,0,0,一般,,有子女,"就讀準公共幼兒園，政府補助每月最高6,000元，依年齡與收入級距調整。",https://www.edu.gov.tw/,https://www.edu.gov.tw/,2026-05-09
edu_011,幼兒園公共化補助（公私立）,教育部,教育進修,"最高8,000/月",全國,幼兒家長,0,0,一般,,有子女,"就讀公立或非營利幼兒園，每月補助最高8,000元，低收入戶全免費。",https://www.edu.gov.tw/,https://www.edu.gov.tw/,2026-05-09
edu_012,技術士證照補習費補助,勞動部,教育進修,"最高5,000",全國,求職者、勞工,15,65,一般,,,"參加技術士證照補習班，政府補助課程費用最高5,000元，需通過檢定考試。",https://www.wda.gov.tw/,https://www.wda.gov.tw/,2026-05-09
edu_013,語言學習補助（英語村）,教育部,教育進修,部分補助,全國,國中小學生,10,15,一般,,在學,偏鄉學生免費參加英語村沉浸式學習，一般學生享部分補助。,https://www.edu.gov.tw/,https://www.edu.gov.tw/,2026-05-09
edu_014,高職免學費（公私立）,教育部,教育進修,免學費,全國,高職生,15,18,一般,,在學,"就讀高職學生全面免除學費，私立學校另有政府差額補助，每學期省約15,000元。",https://www.edu.gov.tw/,https://www.edu.gov.tw/,2026-05-09
edu_015,碩士生研究獎學金,科技部（國科會）,教育進修,"最高24,000/月",全國,碩士研究生,22,35,一般,,在學,"國科會補助研究計畫碩士生，月薪最高24,000元，依研究計畫申請。",https://www.nstc.gov.tw/,https://www.nstc.gov.tw/,2026-05-09
edu_016,博士生研究獎學金,科技部（國科會）,教育進修,"最高34,000/月",全國,博士研究生,22,40,一般,,在學,"國科會補助研究計畫博士生，月薪最高34,000元，享有完整勞健保。",https://www.nstc.gov.tw/,https://www.nstc.gov.tw/,2026-05-09
edu_017,海外留學獎學金（教育部）,教育部,教育進修,最高50萬/年,全國,大學以上學生,18,35,一般,,,成績優秀學生赴海外頂尖大學留學，每年最高50萬元獎學金，含學費與生活費。,https://www.edu.gov.tw/,https://www.edu.gov.tw/,2026-05-09
edu_018,弱勢學生助學計畫,教育部,教育進修,"最高6,000/月",全國,弱勢大學生,18,30,中低收入戶,,在學,"就讀大學之中低收入戶等弱勢學生，每月助學金最高6,000元，協助生活費用。",https://www.edu.gov.tw/,https://www.edu.gov.tw/,2026-05-09
edu_019,數位學習補助（數位部）,數位部,教育進修,"最高5,000",全國,一般民眾,18,65,一般,,,"參加政府認可數位技能課程（程式設計、AI、資安等），補助最高5,000元學費。",https://www.moda.gov.tw/,https://www.moda.gov.tw/,2026-05-09
edu_020,社區大學補助課程,教育部終身教育司,教育進修,低廉學費,全國,成人,18,0,一般,,,"社區大學政府補助課程，學費每學期約1,000-3,000元，提供生活藝術、學術、社團課程。",https://www.edu.gov.tw/,https://www.edu.gov.tw/,2026-05-09
edu_021,特殊教育學生交通補助,教育部特殊教育司,教育進修,全額補助,全國,特殊教育學生,0,21,一般,,,特殊教育學生上下學交通費全額補助，並提供交通車服務。,https://www.edu.gov.tw/,https://www.edu.gov.tw/,2026-05-09
edu_022,新住民子女教育補助,教育部,教育進修,"最高30,000/年",全國,新住民子女,6,18,一般,,新住民,新住民子女就讀國中小，提供教育補助與課後輔導資源，每年最高3萬元。,https://www.edu.gov.tw/,https://www.edu.gov.tw/,2026-05-09
edu_023,大專校院學生緊急紓困補助,教育部,教育進修,"最高15,000/次",全國,大學生,18,30,緊急困難,,在學,"遭遇緊急經濟困難的大學生，可申請一次性紓困補助最高15,000元。",https://www.edu.gov.tw/,https://www.edu.gov.tw/,2026-05-09
edu_024,原住民學生教育補助費,原民會,教育進修,"最高20,000/學期",全國,原住民學生,6,30,一般,,原住民,"原住民族學生從國小至大學享有教育補助費，大學每學期最高20,000元。",https://www.apc.gov.tw/,https://www.apc.gov.tw/,2026-05-09
edu_025,身心障礙學生學雜費減免,教育部特殊教育司,教育進修,全免或部分免,全國,身心障礙學生,0,30,一般,,身心障礙,身心障礙學生學雜費全免（重度以上）或部分減免，依障礙程度而定。,https://www.edu.gov.tw/,https://www.edu.gov.tw/,2026-05-09
edu_026,工作所得補貼（EITC）就業教育,財政部,教育進修,"最高36,000/年",全國,低薪受僱者,20,65,中低收入戶,,,工作所得稅額補貼，年收入低於一定標準可退稅或補貼，搭配職訓更有利。,https://www.mof.gov.tw/,https://www.mof.gov.tw/,2026-05-09
edu_027,偏遠地區教師加給,教育部,教育進修,"加給3,000-8,000/月",偏遠地區,偏遠學校教師,22,65,一般,,,"在偏遠地區任教的教師，依偏遠程度每月加給3,000-8,000元，鼓勵服務。",https://www.edu.gov.tw/,https://www.edu.gov.tw/,2026-05-09
edu_028,STEM 人才培育計畫補助,國科會,教育進修,"最高60,000/年",全國,科技類學生,18,30,一般,,在學,鼓勵就讀科技類科系學生，提供每年最高6萬元的培育補助與產業實習機會。,https://www.nstc.gov.tw/,https://www.nstc.gov.tw/,2026-05-09
edu_029,私立高中職齊一優待補貼,教育部,教育進修,"最高6,000/學期",全國,私立高中職學生,15,18,一般,,在學,就讀私立高中職的學生，政府提供齊一待遇補貼，降低公私立學費差距。,https://www.edu.gov.tw/,https://www.edu.gov.tw/,2026-05-09
edu_030,繼續教育學分費補助,各縣市政府,教育進修,"最高10,000/年",全國,在職者,18,65,一般,,,"各縣市補助在職人員參加大學推廣教育學分課程，每年最高補助10,000元。",https://www.gov.tw/,https://www.gov.tw/,2026-05-09
edu_031,課後照顧補助（弱勢兒童）,教育部,教育進修,"最高2,500/月",全國,弱勢國小學生,6,12,中低收入戶,,有子女,"低中低收入戶國小學生課後照顧費用全額或部分補助，每月最高2,500元。",https://www.edu.gov.tw/,https://www.edu.gov.tw/,2026-05-09
edu_032,國際學術交流補助,國科會/教育部,教育進修,"最高150,000/次",全國,研究人員,22,50,一般,,,赴國際學術研討會發表論文，補助機票、住宿與報名費，每次最高15萬元。,https://www.nstc.gov.tw/,https://www.nstc.gov.tw/,2026-05-09
edu_033,職場學習及再適應計畫,勞動部,教育進修,"最高26,400/月",全國,失業者,18,65,一般,,,"失業者至企業職場學習，政府補助每月最高26,400元津貼，期間3-6個月。",https://www.wda.gov.tw/,https://www.wda.gov.tw/,2026-05-09
edu_034,長照人員訓練補助,衛福部,教育進修,全額補助訓練費,全國,長照服務人員,18,65,一般,,,從事長照服務人員，參加政府認可培訓課程費用全額補助，並取得服務資格。,https://www.mohw.gov.tw/,https://www.mohw.gov.tw/,2026-05-09
edu_035,托育人員訓練補助,衛福部,教育進修,全額補助訓練費,全國,托育服務人員,18,60,一般,,,欲從事托育服務人員，參加訓練課程全額補助，取得托育人員資格後可申請托育補助。,https://www.mohw.gov.tw/,https://www.mohw.gov.tw/,2026-05-09
tax_001,薪資所得特別扣除額,財政部,稅務節稅,"207,000/年",全國,薪資所得者,0,0,一般,,,"每位薪資所得者每年可扣除207,000元薪資所得特別扣除額，直接減少課稅所得。",https://www.etax.nat.gov.tw/,https://www.mof.gov.tw/,2026-05-09
tax_002,儲蓄投資特別扣除額,財政部,稅務節稅,"最高270,000/年",全國,有存款利息者,0,0,一般,,,個人儲蓄投資利息所得每年最高扣除27萬元，超過部分才計入所得課稅。,https://www.etax.nat.gov.tw/,https://www.mof.gov.tw/,2026-05-09
tax_003,身心障礙特別扣除額,財政部,稅務節稅,"207,000/年/人",全國,身心障礙者或眷屬,0,0,一般,,身心障礙,"本人或撫養之身心障礙者，每人每年可扣除207,000元特別扣除額。",https://www.etax.nat.gov.tw/,https://www.mof.gov.tw/,2026-05-09
tax_004,教育學費特別扣除額,財政部,稅務節稅,"最高25,000/年/人",全國,大學生家長,0,0,一般,,有子女,"子女就讀大學或研究所，家長每年每人最高扣除25,000元教育學費。",https://www.etax.nat.gov.tw/,https://www.mof.gov.tw/,2026-05-09
tax_005,幼兒學前特別扣除額,財政部,稅務節稅,"最高120,000/年/人",全國,有幼兒家長,0,0,一般,,有子女,5歲以下子女每人每年可扣除12萬元，第3名以上子女全額扣除，無上限。,https://www.etax.nat.gov.tw/,https://www.mof.gov.tw/,2026-05-09
tax_006,長期照顧特別扣除額,財政部,稅務節稅,"120,000/年/人",全國,需長照者或家屬,0,0,一般,,,本人或撫養之需長照者（領有長照需要認定結果），每人每年扣除12萬元。,https://www.etax.nat.gov.tw/,https://www.mof.gov.tw/,2026-05-09
tax_007,房屋租金支出扣除（無自有住宅）,財政部,稅務節稅,"最高120,000/年",全國,無自有住宅租屋者,0,0,一般,租屋,,無自有住宅在台灣境內租屋，租金支出每戶每年最高扣除12萬元。,https://www.etax.nat.gov.tw/,https://www.mof.gov.tw/,2026-05-09
tax_008,捐贈扣除額（公益）,財政部,稅務節稅,捐贈額20%,全國,有捐贈紀錄者,0,0,一般,,,向政府或合法公益團體捐贈，可扣除捐贈金額，上限為申報所得20%。,https://www.etax.nat.gov.tw/,https://www.mof.gov.tw/,2026-05-09
tax_009,人身保險費扣除額,財政部,稅務節稅,"最高24,000/年/人",全國,有保險的納稅人,0,0,一般,,,"本人、配偶及受扶養親屬的人身保險費，每人每年最高扣除24,000元。",https://www.etax.nat.gov.tw/,https://www.mof.gov.tw/,2026-05-09
tax_010,醫藥及生育費扣除（據實認列）,財政部,稅務節稅,據實扣除,全國,有重大醫療支出者,0,0,一般,,,重大疾病醫療費用可據實扣除，公立醫院或全民健保不給付部分均可列舉。,https://www.etax.nat.gov.tw/,https://www.mof.gov.tw/,2026-05-09
tax_011,自用住宅借款利息扣除額,財政部,稅務節稅,"最高300,000/年",全國,有房貸者,0,0,一般,自有住宅,,購買自用住宅房貸利息支出，每戶每年最高扣除30萬元，需扣除儲蓄扣除額。,https://www.etax.nat.gov.tw/,https://www.mof.gov.tw/,2026-05-09
tax_012,綜合所得稅基本免稅額,財政部,稅務節稅,"92,000/人",全國,所有納稅義務人,0,0,一般,,,"每位納稅義務人及受扶養親屬每人享有92,000元免稅額，直接減少課稅所得。",https://www.etax.nat.gov.tw/,https://www.mof.gov.tw/,2026-05-09
tax_013,70歲以上受扶養免稅額加倍,財政部,稅務節稅,"138,000/人",全國,70歲以上長輩,70,0,一般,,,"受納稅義務人扶養之70歲以上直系尊親屬，免稅額加倍為138,000元/人。",https://www.etax.nat.gov.tw/,https://www.mof.gov.tw/,2026-05-09
tax_014,地價稅自用住宅優惠稅率,財政部,稅務節稅,稅率降2‰,全國,自住房屋地主,0,0,一般,自有住宅,,自用住宅地價稅稅率從一般的10‰降為2‰，一戶限一地號申請。,https://www.mof.gov.tw/,https://www.mof.gov.tw/,2026-05-09
tax_015,房屋稅自用住宅優惠稅率,財政部,稅務節稅,稅率1.2%,全國,自住房屋屋主,0,0,一般,自有住宅,,自用住宅房屋稅稅率1.2%（一般住宅為1.5%-3.6%），限3戶以內申請。,https://www.mof.gov.tw/,https://www.mof.gov.tw/,2026-05-09
tax_016,小規模營業人免徵營業稅,財政部,稅務節稅,免徵,全國,小規模營業人,0,0,一般,,自營,月銷售額未達8萬元（或特種行業4萬元）的小規模營業人，免徵營業稅。,https://www.etax.nat.gov.tw/,https://www.mof.gov.tw/,2026-05-09
tax_017,農地農業用地免徵地價稅,財政部農業用地,稅務節稅,全免,全國,農民,0,0,一般,,農民,從事農業用途的農地免徵地價稅，需每年申請農業用地作農業使用證明。,https://www.mof.gov.tw/,https://www.mof.gov.tw/,2026-05-09
tax_018,公益信託捐贈全額扣除,財政部,稅務節稅,全額扣除,全國,有捐贈者,0,0,一般,,,向政府捐贈土地或房屋作為公益信託，捐贈金額可全額扣除所得稅，無上限。,https://www.etax.nat.gov.tw/,https://www.mof.gov.tw/,2026-05-09
tax_019,個人退休金帳戶（勞退自提）節稅,財政部,稅務節稅,自提6%薪資免稅,全國,受僱勞工,18,65,一般,,,勞工自提退休金最高6%薪資，可從薪資中免稅扣除，有效降低當年度所得稅。,https://www.etax.nat.gov.tw/,https://www.mof.gov.tw/,2026-05-09
tax_020,購置節能電器退稅（能源稅）,經濟部,稅務節稅,"最高2,000/台",全國,購電器者,18,0,一般,,,"購買具省能標章的節能家電，可申請退稅或補助每台最高2,000元，促進節能。",https://www.moeea.gov.tw/,https://www.moeea.gov.tw/,2026-05-09
tax_021,房屋修繕費用扣除（出租房屋),財政部,稅務節稅,修繕費43%扣除,全國,房東,0,0,一般,,房東,出租房屋所得可扣除租金收入43%為必要費用（含折舊修繕等），無需憑證。,https://www.etax.nat.gov.tw/,https://www.mof.gov.tw/,2026-05-09
tax_022,新創公司研發支出抵減稅額,科技部/財政部,稅務節稅,抵減15%-35%,全國,研發型企業,0,0,一般,,,企業研發支出可抵減應納稅額15%-35%，新創公司可適用較高抵減率。,https://www.nstc.gov.tw/,https://www.nstc.gov.tw/,2026-05-09
tax_023,職業工具費扣除（列舉）,財政部,稅務節稅,"最高36,000/年",全國,有職業工具支出者,0,0,一般,,,因職業需要購置職業工具或訓練費用，可列舉扣除，無需憑證，最高3萬6。,https://www.etax.nat.gov.tw/,https://www.mof.gov.tw/,2026-05-09
tax_024,身心障礙者財產交易所得減半課稅,財政部,稅務節稅,減半課稅,全國,身心障礙者,0,0,一般,,身心障礙,身心障礙者出售不動產的財產交易所得，可減半計入綜合所得稅課稅。,https://www.etax.nat.gov.tw/,https://www.mof.gov.tw/,2026-05-09
tax_025,災害損失扣除（天災）,財政部,稅務節稅,據實扣除,全國,遭受天災者,0,0,一般,,,遭受颱風、地震等天然災害損失，經查明屬實可全額扣除所得稅，須申請核定。,https://www.etax.nat.gov.tw/,https://www.mof.gov.tw/,2026-05-09
tax_026,投資台灣方案節稅優惠,經濟部,稅務節稅,所得稅優惠,全國,回台投資企業,0,0,一般,,,台商回台投資達標準，可享所得稅5年減免，土地優先供給，資金匯回免稅等優惠。,https://www.moeaidb.gov.tw/,https://www.moeaidb.gov.tw/,2026-05-09
tax_027,房地合一稅自住優惠（重購退稅）,財政部,稅務節稅,最高退稅全額,全國,換屋族,0,0,一般,自有住宅,,出售自用住宅再購買自用住宅，若符合條件可退還已繳房地合一稅，換屋族適用。,https://www.etax.nat.gov.tw/,https://www.mof.gov.tw/,2026-05-09
tax_028,股利所得分開計稅優惠,財政部,稅務節稅,稅率28%分開計,全國,股票投資人,0,0,一般,,,股利所得可選擇28%分開計稅（稅率低者有利），或合併計稅享8.5%抵減，擇優選用。,https://www.etax.nat.gov.tw/,https://www.mof.gov.tw/,2026-05-09
tax_029,申報扶養人口節稅,財政部,稅務節稅,"92,000/人/年",全國,有扶養親屬者,0,0,一般,,,"扶養無謀生能力之直系尊卑親屬、兄弟姊妹，每人每年免稅額92,000元（70歲以上138,000元）。",https://www.etax.nat.gov.tw/,https://www.mof.gov.tw/,2026-05-09
tax_030,勞保、健保、國保保費扣除,財政部,稅務節稅,全額扣除,全國,投保勞健保者,0,0,一般,,,個人繳納勞保、健保、國民年金保費，全額列舉扣除所得稅，無上限限制。,https://www.etax.nat.gov.tw/,https://www.mof.gov.tw/,2026-05-09
ins_001,勞保老年給付（一次金）,勞動部勞保局,社會保險,平均月投保薪資×年資×1.55,全國,勞保被保險人,0,65,一般,,,勞保年資滿15年，年齡達法定退休年齡，可請領一次金，計算基礎為月投保薪資×年資係數。,https://www.bli.gov.tw/,https://www.bli.gov.tw/,2026-05-09
ins_002,勞保老年年金,勞動部勞保局,社會保險,"最低4,000/月",全國,勞保被保險人,60,65,一般,,,"勞保年資滿15年，可申請月領老年年金，計算式為年資×月投保薪資×1.55%，最低4,000元。",https://www.bli.gov.tw/,https://www.bli.gov.tw/,2026-05-09
ins_003,勞保失能給付,勞動部勞保局,社會保險,依失能等級,全國,因傷病致失能的勞工,0,0,一般,,,因職業或非職業傷病導致失能，依失能等級申請一次金或月領年金，最高可達百萬。,https://www.bli.gov.tw/,https://www.bli.gov.tw/,2026-05-09
ins_004,勞保死亡給付（本人）,勞動部勞保局,社會保險,30個月投保薪資,全國,勞保被保險人遺屬,0,0,一般,,,勞保被保險人死亡，遺屬可請領喪葬費5個月薪資及遺屬年金或一次死亡給付30個月。,https://www.bli.gov.tw/,https://www.bli.gov.tw/,2026-05-09
ins_005,就業保險失業給付,勞動部勞保局,社會保險,月投保薪資60%×6月,全國,非自願失業者,18,65,一般,,,非自願離職且已投保就保6個月以上，可領月投保薪資60%，一般最長6個月。,https://www.bli.gov.tw/,https://www.bli.gov.tw/,2026-05-09
ins_006,就業保險提早就業獎助金,勞動部勞保局,社會保險,剩餘失業給付50%,全國,提早再就業失業者,18,65,一般,,,領失業給付期間找到工作，可領剩餘失業給付50%作為提早就業獎助，最高3個月薪資。,https://www.bli.gov.tw/,https://www.bli.gov.tw/,2026-05-09
ins_007,就業保險職業訓練生活津貼,勞動部勞保局,社會保險,月投保薪資60%×6月,全國,參訓失業者,18,65,一般,,,失業勞工參加政府認可職訓期間，可領職訓生活津貼月投保薪資60%，最長6個月。,https://www.bli.gov.tw/,https://www.bli.gov.tw/,2026-05-09
ins_008,勞保生育給付,勞動部勞保局,社會保險,2個月投保薪資,全國,生育的女性勞保被保險人,0,0,一般,,有子女,女性勞保被保險人生育，可請領2個月投保薪資的生育給付，雙胞胎加倍。,https://www.bli.gov.tw/,https://www.bli.gov.tw/,2026-05-09
ins_009,勞保傷病給付,勞動部勞保局,社會保險,月投保薪資70%/日,全國,住院勞保被保險人,0,0,一般,,,因傷病住院無法工作，自第4日起每日可領月投保薪資70%÷30，最長1年。,https://www.bli.gov.tw/,https://www.bli.gov.tw/,2026-05-09
ins_010,職業災害補償（職保法）,勞動部,社會保險,月薪70%,全國,職業災害勞工,0,0,一般,,,職災勞工醫療期間雇主須補償月薪70%，不能工作期間薪資全額補償，醫療費全額負擔。,https://www.mol.gov.tw/,https://www.mol.gov.tw/,2026-05-09
ins_011,國民年金老年給付,衛福部勞保局,社會保險,"最低3,772/月",全國,無勞保的國民,25,65,一般,,,"未加入職業保險的國民，繳國民年金保費，65歲起可領老年年金，最低3,772元/月。",https://www.bli.gov.tw/,https://www.bli.gov.tw/,2026-05-09
ins_012,國民年金身心障礙給付,衛福部勞保局,社會保險,"最低4,872/月",全國,身心障礙者（國保）,0,65,一般,,身心障礙,"未滿65歲的身心障礙者（重度以上）可申請國民年金身心障礙給付，最低4,872元/月。",https://www.bli.gov.tw/,https://www.bli.gov.tw/,2026-05-09
ins_013,健保重大傷病免部分負擔,衛福部中央健保署,社會保險,免除部分負擔,全國,重大傷病患者,0,0,一般,,,癌症、慢性精神病等重大傷病患者，持重大傷病卡就醫免除部分負擔，省數萬元/年。,https://www.nhi.gov.tw/,https://www.nhi.gov.tw/,2026-05-09
ins_014,健保低收入戶免費,衛福部中央健保署,社會保險,保費全免,全國,低收入戶,0,0,低收入戶,,,低收入戶家庭成員健保保費由政府全額補助，無需自行繳納任何保費。,https://www.nhi.gov.tw/,https://www.nhi.gov.tw/,2026-05-09
ins_015,健保弱勢族群保費補助,衛福部中央健保署,社會保險,最高70%保費,全國,中低收入戶,0,0,中低收入戶,,,中低收入戶健保保費由政府補助最高70%，減輕弱勢家庭醫療負擔。,https://www.nhi.gov.tw/,https://www.nhi.gov.tw/,2026-05-09
ins_016,農保老年給付,農業部農保局,社會保險,"137,400元(一次金)",全國,農保被保險人,60,0,一般,,農民,農保年資滿15年，年滿60歲可請領老年給付一次金，平均約13.7萬元。,https://www.agri.gov.tw/,https://www.agri.gov.tw/,2026-05-09
ins_017,農保傷病給付,農業部農保局,社會保險,每日300元,全國,農保被保險人,0,65,一般,,農民,農民因傷病住院期間，每日可領傷病給付300元，最長180天。,https://www.agri.gov.tw/,https://www.agri.gov.tw/,2026-05-09
ins_018,農保死亡給付,農業部農保局,社會保險,"202,800元",全國,農保被保險人遺屬,0,0,一般,,農民,農保被保險人死亡，遺屬可領本喪費約20.3萬元及喪葬費補助。,https://www.agri.gov.tw/,https://www.agri.gov.tw/,2026-05-09
ins_019,勞退新制雇主提繳（6%）,勞動部勞保局,社會保險,月薪6%,全國,受僱勞工,15,65,一般,,,雇主須為勞工每月提繳薪資6%至個人退休金帳戶，自動累積退休金，勞工無需操作。,https://www.bli.gov.tw/,https://www.bli.gov.tw/,2026-05-09
ins_020,勞退舊制退休金（年資25年）,勞動部勞保局,社會保險,最高45個月薪資,全國,舊制勞工,0,65,一般,,,舊制年資25年或45年達65歲，可請領退休金，最高45個月薪資，依年資計算。,https://www.bli.gov.tw/,https://www.bli.gov.tw/,2026-05-09
ins_021,就業保險育嬰留職停薪津貼,勞動部勞保局,社會保險,月投保薪資80%×6月,全國,有嬰兒的受僱者,0,0,一般,,有子女,受僱者育嬰留職停薪，每月可領投保薪資80%，最長6個月，夫妻各可申請一次。,https://www.bli.gov.tw/,https://www.bli.gov.tw/,2026-05-09
ins_022,勞工退休金自提節稅,勞動部勞保局,社會保險,自提6%薪資免稅,全國,受僱勞工,18,65,一般,,,勞工可自提最多薪資6%至退休金帳戶，該金額免納所得稅，老後複利滾存效益大。,https://www.bli.gov.tw/,https://www.bli.gov.tw/,2026-05-09
ins_023,公教人員退休撫卹月退休金,銓敘部,社會保險,月薪60%-75%,全國,公教人員,0,65,一般,,,公務人員及教師退休後，按服務年資領取月退休金，一般約為在職薪資60%-75%。,https://www.mocs.gov.tw/,https://www.mocs.gov.tw/,2026-05-09
ins_024,軍人退伍俸,國防部,社會保險,月薪50%-75%,全國,退伍軍人,0,65,一般,,,服役達一定年資的職業軍人退伍後，按年資領取退伍俸，一般為在職薪俸50%-75%。,https://www.mnd.gov.tw/,https://www.mnd.gov.tw/,2026-05-09
ins_025,勞保普通傷病門診補助,勞動部勞保局,社會保險,門診費用補貼,全國,勞保被保險人,0,0,一般,,,勞保被保險人門診就醫的健保部分負擔，職業災害部分可向勞保申請補助，減輕負擔。,https://www.bli.gov.tw/,https://www.bli.gov.tw/,2026-05-09
ins_026,就保家庭照顧假津貼,勞動部,社會保險,日薪70%,全國,受僱者,18,65,一般,,,因家人患重病需照顧而請假，可申請家庭照顧假，期間日薪70%由就業保險補助。,https://www.mol.gov.tw/,https://www.mol.gov.tw/,2026-05-09
ins_027,職保死亡補償（雇主責任）,勞動部,社會保險,最高5年薪資,全國,職災死亡勞工遺屬,0,0,一般,,,因職業災害死亡，遺屬可向雇主請領5年薪資死亡補償及40個月薪資喪葬費。,https://www.mol.gov.tw/,https://www.mol.gov.tw/,2026-05-09
ins_028,漁民保險給付,農業部,社會保險,依給付項目,全國,漁民,0,65,一般,,農民,漁民投保漁民保險，享有傷病、失能、老年、死亡給付，保費政府補助一半。,https://www.agri.gov.tw/,https://www.agri.gov.tw/,2026-05-09
ins_029,外籍勞工勞保加保,勞動部勞保局,社會保險,同一般勞工,全國,合法外籍勞工,18,65,一般,,新住民,合法在台工作之外籍勞工強制加入勞保，享有與本國勞工相同的保險給付權利。,https://www.bli.gov.tw/,https://www.bli.gov.tw/,2026-05-09
ins_030,就業服務機構補助費用,勞動部,社會保險,"最高5,000元",全國,失業者,18,65,一般,,,"透過就業服務機構媒合就業，可申請求職交通費補助，每次最高5,000元。",https://www.mol.gov.tw/,https://www.mol.gov.tw/,2026-05-09
ins_031,勞保短期出院後繼續給付,勞動部勞保局,社會保險,月投保薪資70%,全國,出院療養勞工,0,0,一般,,,住院後出院仍需療養無法工作者，可繼續申請傷病給付，不限住院，持醫師證明。,https://www.bli.gov.tw/,https://www.bli.gov.tw/,2026-05-09
ins_032,就業保險特殊身分延長給付,勞動部勞保局,社會保險,最長12個月,全國,中高齡、身障失業者,45,0,一般,,,45歲以上或身心障礙失業者，失業給付期間可延長至9-12個月（一般6個月）。,https://www.bli.gov.tw/,https://www.bli.gov.tw/,2026-05-09
ins_033,職業工會加保（自營作業者）,勞動部勞保局,社會保險,保費補貼30%,全國,自營作業者,15,65,一般,,自營,自營作業者透過職業工會加入勞保，政府補助保費30%，享勞保各項給付保障。,https://www.bli.gov.tw/,https://www.bli.gov.tw/,2026-05-09
ins_034,雇主支付勞保保費（雇主負擔70%）,勞動部勞保局,社會保險,雇主承擔70%保費,全國,受僱勞工,0,0,一般,,,受僱勞工勞保保費由雇主負擔70%、勞工負擔20%、政府負擔10%，受僱者自動享有。,https://www.bli.gov.tw/,https://www.bli.gov.tw/,2026-05-09
ins_035,健保眷屬以最低投保額計費,衛福部中央健保署,社會保險,省50%-70%保費,全國,眷屬依附投保者,0,0,一般,,,受扶養眷屬依附被保險人投保健保，眷屬保費按最低投保金額計算，最省眷保費。,https://www.nhi.gov.tw/,https://www.nhi.gov.tw/,2026-05-09
abo_001,原住民就業促進（就業服務員）,原民會,原住民族,服務資源,全國,原住民,18,65,一般,,原住民,原住民族就業服務站提供原住民就業諮詢、求職媒合、職業訓練資訊等一站式服務。,https://www.apc.gov.tw/,https://www.apc.gov.tw/,2026-05-09
abo_002,原住民族職業訓練補助,原民會,原住民族,"最高30,000/期",全國,原住民,18,65,一般,,原住民,原住民參加職業訓練課程，政府補助訓練費、生活津貼，每期最高3萬元。,https://www.apc.gov.tw/,https://www.apc.gov.tw/,2026-05-09
abo_003,原住民微型企業創業貸款,原民會,原住民族,最高100萬元,全國,原住民創業者,20,65,一般,,原住民,原住民自行創業可申請最高100萬元低利貸款，利率1.5%，政府補貼利息差額。,https://www.apc.gov.tw/,https://www.apc.gov.tw/,2026-05-09
abo_004,原住民族文化健康站服務,原民會,原住民族,免費服務,原住民地區,原住民長者,55,0,一般,,原住民,文化健康站提供原住民長者日間照顧、餐食、健康促進活動，免費或低收費服務。,https://www.apc.gov.tw/,https://www.apc.gov.tw/,2026-05-09
abo_005,原住民保留地低利貸款,原民會,原住民族,最高500萬元,原住民地區,原住民,20,65,一般,,原住民,原住民購買或改良原住民保留地，可申請低利貸款最高500萬元，利率優惠。,https://www.apc.gov.tw/,https://www.apc.gov.tw/,2026-05-09
abo_006,原住民族兒童語言巢補助,原民會,原住民族,免費課程,全國,原住民幼兒,0,6,一般,,原住民,政府補助原住民族語言巢，讓原住民幼兒從小習得族語，課程免費或低廉收費。,https://www.apc.gov.tw/,https://www.apc.gov.tw/,2026-05-09
abo_007,原住民大學生獎助學金,原民會,原住民族,最高5萬/學期,全國,原住民大學生,18,30,一般,,原住民,原住民族大學生依成績申請獎學金，每學期最高5萬元，鼓勵高等教育。,https://www.apc.gov.tw/,https://www.apc.gov.tw/,2026-05-09
abo_008,原住民族地區建設補助,原民會,原住民族,建設經費補助,原住民地區,原住民地區居民,0,0,一般,,原住民,政府補助原住民族地區基礎建設、道路、水電等，間接改善居民生活品質。,https://www.apc.gov.tw/,https://www.apc.gov.tw/,2026-05-09
abo_009,原住民加分考試（國家考試）,考試院,原住民族,加25%分,全國,原住民考生,18,65,一般,,原住民,原住民參加公務人員國家考試，族語合格者可加計25%分數，增加錄取機會。,https://www.apc.gov.tw/,https://www.apc.gov.tw/,2026-05-09
abo_010,原住民族綜合發展基金貸款,原民會,原住民族,最高200萬元,全國,原住民,20,65,一般,,原住民,原住民可申請綜合發展基金低利貸款，用於生活、購屋、創業，最高200萬元。,https://www.apc.gov.tw/,https://www.apc.gov.tw/,2026-05-09
abo_011,原住民族婦女創業貸款,原民會,原住民族,最高50萬元,全國,原住民族女性,20,65,一般,,原住民,原住民族女性創業可申請專屬貸款最高50萬元，利率1.5%，政府補貼差額利息。,https://www.apc.gov.tw/,https://www.apc.gov.tw/,2026-05-09
abo_012,原住民族傳統智慧創作保護,原民會,原住民族,法律保護＋補助,全國,原住民族創作者,0,0,一般,,原住民,原住民傳統工藝、音樂、圖騰受《原住民族傳統智慧創作保護條例》保護，可申請認定。,https://www.apc.gov.tw/,https://www.apc.gov.tw/,2026-05-09
abo_013,部落青年返鄉創業補助,農業部/原民會,原住民族,最高100萬元,原住民地區,返鄉原住民青年,18,40,一般,,原住民,返鄉從事農業或文化創業的原住民青年，政府補助創業費用最高100萬元。,https://www.apc.gov.tw/,https://www.apc.gov.tw/,2026-05-09
abo_014,原住民就業獎助（雇主補助）,原民會,原住民族,"最高5,000/月/人",全國,聘用原住民的雇主,0,0,一般,,原住民,"企業聘用原住民族勞工，政府補助雇主每月最高5,000元就業獎助，鼓勵就業。",https://www.apc.gov.tw/,https://www.apc.gov.tw/,2026-05-09
abo_015,原住民族社會安全網補助,衛福部/原民會,原住民族,整合性服務,原住民地區,原住民弱勢族群,0,0,一般,,原住民,透過社會安全網整合服務，原住民弱勢族群可獲得急難救助、兒童保護、家庭支持等服務。,https://www.apc.gov.tw/,https://www.apc.gov.tw/,2026-05-09
abo_016,原住民族樂齡學習補助,原民會/教育部,原住民族,免費課程,原住民地區,原住民中高齡者,55,0,一般,,原住民,政府在原住民地區設立樂齡學習中心，提供免費課程，促進中高齡原住民終身學習。,https://www.apc.gov.tw/,https://www.apc.gov.tw/,2026-05-09
abo_017,原住民族獵人學校補助,原民會,原住民族,費用補助,原住民地區,原住民男性,18,65,一般,,原住民,政府補助傳統獵人學校課程，傳承原住民狩獵文化與生態知識，學員費用大幅補助。,https://www.apc.gov.tw/,https://www.apc.gov.tw/,2026-05-09
abo_018,原住民地區特定農產品補助,農業部/原民會,原住民族,依作物項目,原住民地區,原住民農民,0,0,一般,,原住民,原住民地區種植特定農產品（小米、紅藜等傳統作物）可獲額外補助，保存傳統農業。,https://www.apc.gov.tw/,https://www.apc.gov.tw/,2026-05-09
abo_019,原住民住宅修繕補助,原民會,原住民族,最高20萬元,原住民地區,原住民,0,0,一般,,原住民,原住民族家庭住宅修繕補助，依修繕項目最高補助20萬元，改善居住安全。,https://www.apc.gov.tw/,https://www.apc.gov.tw/,2026-05-09
abo_020,原住民傳統領域資源利用補助,原民會,原住民族,資源使用權利,原住民地區,原住民,0,0,一般,,原住民,依《原住民族基本法》，原住民族在傳統領域有優先資源利用權，政府補助相關產業。,https://www.apc.gov.tw/,https://www.apc.gov.tw/,2026-05-09
abo_021,原住民工藝師認證補助,原民會,原住民族,認證輔導補助,全國,原住民工藝師,18,0,一般,,原住民,輔導原住民族傳統工藝師取得認證，補助培訓費用，並協助文創產品行銷推廣。,https://www.apc.gov.tw/,https://www.apc.gov.tw/,2026-05-09
abo_022,山地離島地區醫療補助,衛福部/原民會,原住民族,交通費補助,山地離島,山地離島居民,0,0,一般,,原住民,山地離島地區居民就醫，政府補助交通費用及提供醫療巡迴服務，改善醫療近用性。,https://www.apc.gov.tw/,https://www.apc.gov.tw/,2026-05-09
abo_023,原住民族語言教師培訓補助,原民會,原住民族,全額培訓補助,全國,原住民族語教師,18,65,一般,,原住民,培訓原住民族語言教師，學員培訓費用全額補助，取得認證後可於學校任教並領薪。,https://www.apc.gov.tw/,https://www.apc.gov.tw/,2026-05-09
abo_024,原住民青年海外文化交流補助,原民會,原住民族,"最高100,000/次",全國,原住民青年,18,35,一般,,原住民,優秀原住民青年赴海外進行文化交流或研習，補助機票、住宿費用最高10萬元。,https://www.apc.gov.tw/,https://www.apc.gov.tw/,2026-05-09
abo_025,原住民族急難救助金,原民會/各縣市,原住民族,"最高30,000元",全國,急難原住民家庭,0,0,一般,,原住民,原住民族家庭遭遇急難（火災、重病、失業）可申請急難救助金，最高3萬元，24小時審核。,https://www.apc.gov.tw/,https://www.apc.gov.tw/,2026-05-09
imm_001,新住民生活適應輔導班,內政部移民署,新住民,免費,全國,新住民,18,65,一般,,新住民,新住民免費參加生活適應輔導班，學習中文、法律、文化知識，協助融入台灣社會。,https://www.immigration.gov.tw/,https://www.immigration.gov.tw/,2026-05-09
imm_002,新住民中文語言學習補助,教育部/移民署,新住民,免費課程,全國,新住民,18,65,一般,,新住民,新住民可免費參加縣市政府或新住民家庭服務中心辦理的中文學習課程。,https://www.immigration.gov.tw/,https://www.immigration.gov.tw/,2026-05-09
imm_003,新住民就業服務,勞動部/移民署,新住民,免費服務,全國,新住民,18,65,一般,,新住民,新住民可免費使用就業服務站媒合、職業訓練及職涯諮詢服務，協助在台就業。,https://www.wda.gov.tw/,https://www.wda.gov.tw/,2026-05-09
imm_004,新住民發展基金補助,內政部移民署,新住民,"最高50,000元",全國,新住民,18,65,一般,,新住民,新住民發展基金提供生活急難、就學、創業等補助，每案最高5萬元。,https://www.immigration.gov.tw/,https://www.immigration.gov.tw/,2026-05-09
imm_005,新住民子女教育補助,教育部,新住民,"最高30,000/年",全國,新住民子女,6,18,一般,,新住民,新住民子女就讀國中小，提供教育補助與課後照顧服務，每年最高3萬元。,https://www.edu.gov.tw/,https://www.edu.gov.tw/,2026-05-09
imm_006,新住民職業訓練補助,勞動部,新住民,"最高30,000/期",全國,新住民,18,65,一般,,新住民,新住民參加職業技能訓練，補助訓練費及生活津貼，每期最高3萬元。,https://www.wda.gov.tw/,https://www.wda.gov.tw/,2026-05-09
imm_007,新住民創業貸款,經濟部中小企業處,新住民,最高200萬元,全國,新住民,20,65,一般,,新住民,新住民自行創業可申請政府低利創業貸款最高200萬元，利率1.5%，政府補貼差額。,https://www.smebank.com.tw/,https://www.smebank.com.tw/,2026-05-09
imm_008,新住民照顧服務員訓練,衛福部,新住民,訓練費全補,全國,新住民,18,65,一般,,新住民,新住民參加照顧服務員訓練課程，訓練費全額補助，取得資格後可從事長照工作。,https://www.mohw.gov.tw/,https://www.mohw.gov.tw/,2026-05-09
imm_009,外籍配偶健保優惠加保,衛福部中央健保署,新住民,同國民保費,全國,外籍配偶,0,0,一般,,新住民,與台灣人結婚之外籍配偶，依附配偶加入全民健保，繳費比照本國國民標準。,https://www.nhi.gov.tw/,https://www.nhi.gov.tw/,2026-05-09
imm_010,新住民多元文化家庭服務,移民署/各縣市,新住民,免費服務,全國,新住民家庭,0,0,一般,,新住民,新住民家庭服務中心提供法律諮詢、家庭輔導、親職教育等免費整合服務。,https://www.immigration.gov.tw/,https://www.immigration.gov.tw/,2026-05-09
imm_011,新住民二代培力計畫,移民署,新住民,"獎學金最高30,000",全國,新住民子女,18,30,一般,,新住民,新住民二代大學生參加移民署培力計畫，可獲獎學金及東南亞語言訓練補助最高3萬元。,https://www.immigration.gov.tw/,https://www.immigration.gov.tw/,2026-05-09
imm_012,新住民母語傳承課程補助,教育部,新住民,免費課程,全國,新住民,0,0,一般,,新住民,政府補助新住民家庭東南亞語言學習課程，讓孩子傳承母語，費用免費或低廉。,https://www.edu.gov.tw/,https://www.edu.gov.tw/,2026-05-09
imm_013,新住民急難救助金,移民署/各縣市,新住民,"最高30,000元",全國,急難新住民,0,0,一般,,新住民,遭遇急難（家暴、重病、失業）的新住民可申請急難救助金，最高3萬元，快速核准。,https://www.immigration.gov.tw/,https://www.immigration.gov.tw/,2026-05-09
imm_014,新住民人身安全保護（家暴）,衛福部/移民署,新住民,免費保護服務,全國,遭家暴新住民,0,0,一般,,新住民,遭受家庭暴力的新住民可獲安置保護、法律扶助、心理諮商等免費整合服務。,https://www.mohw.gov.tw/,https://www.mohw.gov.tw/,2026-05-09
imm_015,新住民子女雙語教育補助,教育部,新住民,補助課程費,全國,新住民子女,6,18,一般,,新住民,鼓勵新住民子女學習東南亞母語，學校提供免費東南亞語課程，政府全額補助師資。,https://www.edu.gov.tw/,https://www.edu.gov.tw/,2026-05-09
imm_016,新住民識字教育補助,教育部,新住民,免費,全國,新住民,18,65,一般,,新住民,未完成中文識字的新住民，可免費就讀成人補習學校識字班，政府全額補助。,https://www.edu.gov.tw/,https://www.edu.gov.tw/,2026-05-09
imm_017,新住民餐飲技能培訓,勞動部,新住民,訓練費全補,全國,新住民,18,65,一般,,新住民,新住民參加餐飲、烘焙、東南亞料理技能訓練，費用全額補助，結訓後媒合就業。,https://www.wda.gov.tw/,https://www.wda.gov.tw/,2026-05-09
imm_018,新住民文化交流活動補助,移民署,新住民,活動費補助,全國,新住民,0,0,一般,,新住民,新住民社團申請文化交流活動補助，推廣多元文化，每案最高5萬元補助。,https://www.immigration.gov.tw/,https://www.immigration.gov.tw/,2026-05-09
imm_019,新住民托育補助,衛福部,新住民,"最高6,000/月",全國,新住民,0,0,一般,,新住民,"新住民家庭0-2歲幼兒送托育機構，可享政府托育補助，月補助最高6,000元。",https://www.mohw.gov.tw/,https://www.mohw.gov.tw/,2026-05-09
imm_020,新住民海外培力獎學金,移民署,新住民,"最高100,000元",全國,新住民,18,40,一般,,新住民,優秀新住民申請赴原籍國語言文化研習，政府補助費用最高10萬元，增加就業競爭力。,https://www.immigration.gov.tw/,https://www.immigration.gov.tw/,2026-05-09
wom_001,婦女再就業補助（中高齡）,勞動部,婦女,"最高50,000元",全國,中高齡婦女,40,65,一般,,,因照顧家庭中斷就業2年以上的婦女重返職場，可獲補助訓練費及就業獎勵最高5萬元。,https://www.wda.gov.tw/,https://www.wda.gov.tw/,2026-05-09
wom_002,婦女創業貸款（微型鳳凰）,勞動部,婦女,最高100萬元,全國,婦女創業者,20,65,一般,,,婦女自行創業或合夥創業，可申請微型鳳凰貸款最高100萬元，利率1.5%，免保證人。,https://www.wda.gov.tw/,https://www.wda.gov.tw/,2026-05-09
wom_003,單親媽媽急難救助,衛福部/各縣市,婦女,"最高30,000元/次",全國,單親媽媽,18,65,一般,,單親,遭遇急難的單親媽媽可申請急難救助金，最高3萬元，24小時緊急審核核撥。,https://www.mohw.gov.tw/,https://www.mohw.gov.tw/,2026-05-09
wom_004,家暴被害人保護扶助,衛福部,婦女,免費法律+安置,全國,家暴被害人,0,0,一般,,,家暴被害人可免費獲得緊急安置、法律扶助、心理諮商、就業協助等整合保護服務。,https://www.mohw.gov.tw/,https://www.mohw.gov.tw/,2026-05-09
wom_005,婦女職業訓練優先入班,勞動部,婦女,優先入訓,全國,失業婦女,18,65,一般,,,中高齡、單親、家暴被害婦女享職業訓練課程優先入班資格，訓練費全額補助。,https://www.wda.gov.tw/,https://www.wda.gov.tw/,2026-05-09
wom_006,子宮頸癌疫苗補助（HPV）,衛福部國健署,婦女,免費3劑,全國,國一女生,12,14,一般,,,國一女生公費施打HPV二價疫苗3劑，預防子宮頸癌，學校統一造冊施打，免費。,https://www.hpa.gov.tw/,https://www.hpa.gov.tw/,2026-05-09
wom_007,乳癌篩檢補助（45-69歲）,衛福部國健署,婦女,免費每2年一次,全國,婦女,45,69,一般,,,45-69歲婦女或40-44歲二等親有乳癌病史者，每2年一次免費乳房X光攝影篩檢。,https://www.hpa.gov.tw/,https://www.hpa.gov.tw/,2026-05-09
wom_008,子宮頸癌篩檢（30歲以上）,衛福部國健署,婦女,免費每年一次,全國,婦女,30,0,一般,,,30歲以上女性每年可免費進行子宮頸抹片篩檢，預防子宮頸癌，健保全額給付。,https://www.hpa.gov.tw/,https://www.hpa.gov.tw/,2026-05-09
wom_009,育嬰留職停薪津貼（媽媽）,勞動部勞保局,婦女,月投保薪資80%×6月,全國,受僱媽媽,0,0,一般,,有子女,受僱媽媽申請育嬰留職停薪，每月可領投保薪資80%，最長6個月，共可領近15萬元。,https://www.bli.gov.tw/,https://www.bli.gov.tw/,2026-05-09
wom_010,婦女社區學習課程（免費）,教育部,婦女,免費或低廉,全國,婦女,18,65,一般,,,各地婦女館、社區大學辦理女性學習課程，涵蓋理財、職涯、健康、藝術等，大多免費。,https://www.edu.gov.tw/,https://www.edu.gov.tw/,2026-05-09
wom_011,高風險家庭服務（婦女）,衛福部,婦女,免費服務,全國,高風險家庭婦女,0,0,一般,,,社工主動介入高風險家庭，提供婦女兒童保護、福利諮詢、資源連結等免費服務。,https://www.mohw.gov.tw/,https://www.mohw.gov.tw/,2026-05-09
wom_012,生育補助（地方加碼）,各縣市政府,婦女,最高3萬元/胎,全國,生育婦女,18,50,一般,,有子女,各縣市額外提供生育獎勵金，金額因地而異，台北市第3胎以上可領3萬元，鼓勵生育。,https://www.gov.tw/,https://www.gov.tw/,2026-05-09
wom_013,更年期健康諮詢門診補助,衛福部國健署,婦女,部分補助,全國,婦女,45,65,一般,,,中年婦女可享更年期健康諮詢門診，健保給付諮詢費，部分醫院另有補助措施。,https://www.hpa.gov.tw/,https://www.hpa.gov.tw/,2026-05-09
wom_014,婦女就業促進獎助（雇主）,勞動部,婦女,"最高30,000/月",全國,聘用婦女的雇主,0,0,一般,,,雇主聘用中高齡婦女或育嬰後復職者，可獲政府每月最高3萬元就業促進獎助，最長12個月。,https://www.mol.gov.tw/,https://www.mol.gov.tw/,2026-05-09
wom_015,弱勢婦女法律扶助,法律扶助基金會,婦女,免費法律服務,全國,弱勢婦女,18,0,中低收入戶,,,中低收入戶或遭家暴、性侵婦女，可申請法律扶助基金會免費法律諮詢及訴訟代理。,https://www.laf.org.tw/,https://www.laf.org.tw/,2026-05-09
wom_016,婦女心理諮商補助,衛福部/各縣市,婦女,免費或低廉,全國,婦女,18,0,一般,,,各縣市婦幼相關機構提供婦女低廉心理諮商服務，部分縣市每年補助6-10次免費諮商。,https://www.mohw.gov.tw/,https://www.mohw.gov.tw/,2026-05-09
wom_017,單親家庭親職教育補助,衛福部,婦女,免費課程,全國,單親家長,18,65,一般,,單親,單親家長（含爸爸）可免費參加親職教育課程，學習子女教養技巧，兼有托兒服務。,https://www.mohw.gov.tw/,https://www.mohw.gov.tw/,2026-05-09
wom_018,婦女創業輔導諮詢（免費）,經濟部中小企業處,婦女,免費諮詢,全國,婦女創業者,20,65,一般,,,婦女創業可免費獲得政府指派的創業輔導顧問，提供商業計畫、行銷、財務等諮詢。,https://www.sme.gov.tw/,https://www.sme.gov.tw/,2026-05-09
wom_019,托育資源共享（職場托兒）,衛福部,婦女,補助企業設托兒,全國,職場媽媽,0,0,一般,,有子女,"鼓勵企業設置職場托兒設施，政府補助設置費用，員工使用費由政府額外補貼每月3,000元。",https://www.mohw.gov.tw/,https://www.mohw.gov.tw/,2026-05-09
wom_020,婦女節慶活動免費入場,各縣市政府,婦女,免費入場/優惠,全國,婦女,18,0,一般,,,三八婦女節期間，各縣市政府提供博物館、景點免費入場、商店優惠等活動。,https://www.gov.tw/,https://www.gov.tw/,2026-05-09
yth_001,青年安心成家方案（購屋貸款）,內政部國土管理署,青年,優利貸款最高800萬,全國,青年,20,40,一般,,,首次購屋青年可申請政府優利房貸，利率較市場低0.5%-1%，最高貸款800萬元。,https://www.cpami.gov.tw/,https://www.cpami.gov.tw/,2026-05-09
yth_002,青年就業獎勵計畫,勞動部,青年,"最高60,000元",全國,青年,15,29,一般,,,15-29歲青年初次就業並持續工作，最長可獲就業獎勵金6萬元，分期核撥。,https://www.mol.gov.tw/,https://www.mol.gov.tw/,2026-05-09
yth_003,青年創業及圓夢計畫,經濟部中小企業處,青年,最高200萬元,全國,青年創業者,20,45,一般,,,青年創業可獲政府低利貸款最高200萬元，利率1.5%，搭配創業輔導服務。,https://www.sme.gov.tw/,https://www.sme.gov.tw/,2026-05-09
yth_004,大專青年就業促進（實習）,教育部/勞動部,青年,"最高26,400/月",全國,大學生/應屆畢業生,18,30,一般,,,"大學生至企業實習，政府補助每月最高26,400元薪資，雇主只需額外負擔部分費用。",https://www.mol.gov.tw/,https://www.mol.gov.tw/,2026-05-09
yth_005,青年職涯諮詢服務（免費）,勞動部,青年,免費服務,全國,青年,15,29,一般,,,各地就業服務中心提供青年免費職涯諮詢、性向測驗、求職媒合，協助找到適合工作。,https://www.mol.gov.tw/,https://www.mol.gov.tw/,2026-05-09
yth_006,青年儲蓄帳戶（3年36萬）,國發會,青年,最高36萬/3年,全國,青年,18,21,一般,,,高中職畢業青年加入青年儲蓄帳戶計畫，三軌（就業/就學/服務）擇一，政府配撥每月1萬元。,https://yesa.ndc.gov.tw/,https://yesa.ndc.gov.tw/,2026-05-09
yth_007,青年海外工作度假（WHV）補助,外交部,青年,簽證費補助,全國,青年,18,30,一般,,,政府補助青年赴澳洲、日本、英國等國工作度假簽證費用，部分計畫含機票補助。,https://www.mofa.gov.tw/,https://www.mofa.gov.tw/,2026-05-09
yth_008,青年住宅補貼（30歲以下）,內政部/各縣市,青年,"最高5,000/月",全國,青年,18,30,一般,租屋,,"30歲以下無自有住宅青年，可申請租金補貼每月最高5,000元，優先核定。",https://www.cpami.gov.tw/,https://www.cpami.gov.tw/,2026-05-09
yth_009,青年農業入門計畫,農業部,青年,"最高120,000/年",全國,返農青年,18,40,一般,,,青年投入農業生產，政府補助每年最高12萬元輔導金，搭配技術輔導與銷售協助。,https://www.agri.gov.tw/,https://www.agri.gov.tw/,2026-05-09
yth_010,青年創作補助（文化部）,文化部,青年,"最高100,000元",全國,青年文創者,18,35,一般,,,青年從事藝術創作或文化產業，可申請文化部補助最高10萬元，涵蓋製作、發表費用。,https://www.moc.gov.tw/,https://www.moc.gov.tw/,2026-05-09
yth_011,青年科技創新獎勵,國科會,青年,"最高300,000元",全國,青年科技創新者,18,35,一般,,,大學生或35歲以下青年從事科技創新研究，可申請國科會補助最高30萬元研究計畫。,https://www.nstc.gov.tw/,https://www.nstc.gov.tw/,2026-05-09
yth_012,初次就業青年津貼（縣市加碼）,各縣市政府,青年,"最高30,000元",全國,初次就業青年,18,30,一般,,,各縣市針對在地初次就業青年提供就業津貼，高雄市最高3萬元，鼓勵留鄉就業。,https://www.gov.tw/,https://www.gov.tw/,2026-05-09
yth_013,青年公益服務替代役,內政部,青年,每月服務加給,全國,役齡男青年,18,36,一般,,,役齡男性可申請公益服務替代役，服務於政府機關或非營利組織，享有服役期間加給。,https://www.nca.gov.tw/,https://www.nca.gov.tw/,2026-05-09
yth_014,青年社會企業輔導,行政院社會創新,青年,"最高500,000元",全國,青年社企創辦人,18,40,一般,,,青年創辦社會企業，可申請政府輔導補助最高50萬元，並媒合投資人與資源。,https://si.taiwan.gov.tw/,https://si.taiwan.gov.tw/,2026-05-09
yth_015,青年健康檢查補助,衛福部國健署,青年,免費健檢,全國,青年,18,35,一般,,,18-35歲青年每3年可免費進行成人健康檢查，及早發現代謝症候群等健康問題。,https://www.hpa.gov.tw/,https://www.hpa.gov.tw/,2026-05-09
yth_016,青年勞動權益宣導（免費諮詢）,勞動部,青年,免費服務,全國,青年勞工,15,35,一般,,,青年勞工可免費諮詢勞動條件、資遣、霸凌等權益問題，勞動部提供線上及電話服務。,https://www.mol.gov.tw/,https://www.mol.gov.tw/,2026-05-09
yth_017,青年國際參與補助（NGO實習）,外交部,青年,"最高120,000元",全國,青年,18,35,一般,,,青年赴國際NGO實習或參與國際會議，外交部補助機票、住宿費用最高12萬元。,https://www.mofa.gov.tw/,https://www.mofa.gov.tw/,2026-05-09
yth_018,早療通報獎勵（青年親子）,衛福部,青年,免費評估+補助,全國,0-6歲特殊需求兒童家長,18,40,一般,,有子女,0-6歲兒童疑有發展遲緩，通報後可獲免費評估、早期療育補助及親子支持服務。,https://www.mohw.gov.tw/,https://www.mohw.gov.tw/,2026-05-09
yth_019,青年心理健康補助,衛福部,青年,最高6次免費諮商,全國,青年,15,30,一般,,,政府擴大青年心理健康支持，15-30歲青年每年可免費使用6次心理諮商服務。,https://www.mohw.gov.tw/,https://www.mohw.gov.tw/,2026-05-09
yth_020,青年首購住宅稅捐優惠,財政部,青年,地價稅/房屋稅優惠,全國,青年首購族,18,40,一般,自有住宅,,首次購買自用住宅的青年，前3年地價稅及房屋稅享有優惠稅率，減輕購屋初期負擔。,https://www.mof.gov.tw/,https://www.mof.gov.tw/,2026-05-09
yth_021,青年技職專班補助,教育部技職司,青年,學費減免50%,全國,青年,15,25,一般,,,青年參加政府補助的技職專班課程，學費減免50%，並享有業界師資、職場實習機會。,https://www.edu.gov.tw/,https://www.edu.gov.tw/,2026-05-09
yth_022,青年數位就業獎勵,數位部/勞動部,青年,"最高36,000元",全國,青年,18,30,一般,,,"青年取得政府認可數位技能證照並就業，可獲一次性就業獎勵金最高36,000元。",https://www.moda.gov.tw/,https://www.moda.gov.tw/,2026-05-09
yth_023,青年文化體驗補助,文化部,青年,"最高3,000元券",全國,青年,18,35,一般,,,"政府發放青年文化體驗補助券，可用於購票觀賞表演藝術、參觀展覽，面額最高3,000元。",https://www.moc.gov.tw/,https://www.moc.gov.tw/,2026-05-09
yth_024,學生創新創業競賽獎金,各部會/大學,青年,最高50萬獎金,全國,在學學生,18,30,一般,,,參加政府或大學舉辦的創新創業競賽，獲獎可得獎金最高50萬元，及創業輔導資源。,https://www.sme.gov.tw/,https://www.sme.gov.tw/,2026-05-09
yth_025,青年公共參與補助,行政院青年諮詢委員會,青年,"最高50,000元/案",全國,青年,18,35,一般,,,青年提出公共議題解決方案，可申請行政院補助最高5萬元執行公共參與行動。,https://www.ey.gov.tw/,https://www.ey.gov.tw/,2026-05-09
biz_001,中小企業創業貸款（信保基金）,經濟部中小企業處,創業企業,"最高1,000萬元",全國,中小企業主,20,65,一般,,自營,"中小企業透過信用保證基金擔保，向銀行申請創業貸款最高1,000萬元，利率優惠。",https://www.smeg.org.tw/,https://www.smeg.org.tw/,2026-05-09
biz_002,SBIR 小型企業創新研發補助,經濟部,創業企業,最高500萬元,全國,新創企業,0,0,一般,,,SBIR計畫補助中小企業研發創新，Phase 1最高100萬，Phase 2最高500萬，免回收。,https://www.sbir.org.tw/,https://www.sbir.org.tw/,2026-05-09
biz_003,新創加速器進駐補助,國發會/經濟部,創業企業,最高300萬元,全國,新創公司,0,0,一般,,,新創公司進駐政府認可加速器，可獲最高300萬元補助、法律財務顧問、辦公空間。,https://startup.gov.tw/,https://startup.gov.tw/,2026-05-09
biz_004,科技新創天使投資媒合,國發基金,創業企業,"投資最高2,000萬",全國,科技新創,0,0,一般,,,"符合條件的科技新創可獲國發基金天使投資，金額最高2,000萬元，政府共同投資。",https://www.ndf.gov.tw/,https://www.ndf.gov.tw/,2026-05-09
biz_005,工廠輔導轉型補助,經濟部工業局,創業企業,最高300萬元,全國,製造業者,0,0,一般,,,製造業工廠導入智慧製造或環保設備轉型，補助費用最高300萬元，提升競爭力。,https://www.moeaidb.gov.tw/,https://www.moeaidb.gov.tw/,2026-05-09
biz_006,數位轉型補助（ITSA）,數位部/經濟部,創業企業,最高200萬元,全國,中小企業,0,0,一般,,,中小企業導入ERP、雲端、數位行銷等系統，政府補助費用最高50%，上限200萬元。,https://www.sme.gov.tw/,https://www.sme.gov.tw/,2026-05-09
biz_007,出口拓銷補助（貿協）,經濟部國際貿易署,創業企業,最高50萬元,全國,出口企業,0,0,一般,,,企業參加國際展覽或拓銷海外市場，可獲政府補助攤位費、機票費最高50萬元。,https://www.tradevan.com.tw/,https://www.trade.gov.tw/,2026-05-09
biz_008,社會企業發展補助,行政院社會創新,創業企業,最高500萬元,全國,社會企業,0,0,一般,,,解決社會問題的社會企業可申請政府補助最高500萬元，及媒合顧問、採購優先等資源。,https://si.taiwan.gov.tw/,https://si.taiwan.gov.tw/,2026-05-09
biz_009,研發投資抵減稅額（大企業）,財政部/科技部,創業企業,抵減15%-35%,全國,研發型企業,0,0,一般,,,企業研發支出可抵減應納稅額15%-35%，新創公司適用較高抵減率，有效降低稅負。,https://www.nstc.gov.tw/,https://www.nstc.gov.tw/,2026-05-09
biz_010,進駐科學園區優惠,國科會科管局,創業企業,租金優惠+補助,全國,科技企業,0,0,一般,,,進駐科學園區的企業享有租金優惠（低於市場30%-50%）、設備補助、簡化行政流程。,https://www.nstc.gov.tw/,https://www.nstc.gov.tw/,2026-05-09
biz_011,綠色產業補助（淨零轉型）,環境部/經濟部,創業企業,最高500萬元,全國,製造業、服務業,0,0,一般,,,企業推動淨零轉型、減碳措施，可申請政府補助最高500萬元，及碳中和認證輔導。,https://www.epa.gov.tw/,https://www.epa.gov.tw/,2026-05-09
biz_012,中小企業輔導（免費顧問）,經濟部中小企業處,創業企業,免費顧問服務,全國,中小企業,0,0,一般,,,政府指派專業顧問免費輔導中小企業，提供財務、人資、行銷、生產等管理諮詢。,https://www.sme.gov.tw/,https://www.sme.gov.tw/,2026-05-09
biz_013,微型企業貸款（100萬以下）,各縣市政府,創業企業,最高100萬元,全國,微型業者,20,65,一般,,自營,五人以下微型企業或個人工作室，可申請縣市政府微型貸款最高100萬元，利率1.5%。,https://www.sme.gov.tw/,https://www.sme.gov.tw/,2026-05-09
biz_014,農業加值業者貸款,農業部,創業企業,"最高3,000萬元",全國,農業加值業者,0,0,一般,,,"從事農產品加工、行銷、農業科技的業者，可申請農業部低利貸款最高3,000萬元。",https://www.agri.gov.tw/,https://www.agri.gov.tw/,2026-05-09
biz_015,智慧財產權補助（專利申請）,智慧財產局,創業企業,最高10萬元/件,全國,企業/個人,0,0,一般,,,政府補助國內外專利申請費用最高10萬元/件，鼓勵企業及個人保護創新研發成果。,https://www.tipo.gov.tw/,https://www.tipo.gov.tw/,2026-05-09
biz_016,文創業者貸款補助,文化部,創業企業,最高500萬元,全國,文創業者,0,0,一般,,,文化創意產業業者可申請文化部低利貸款最高500萬元，利率優惠，寬限期3年。,https://www.moc.gov.tw/,https://www.moc.gov.tw/,2026-05-09
biz_017,觀光業者補助（品質提升）,交通部觀光署,創業企業,最高200萬元,全國,觀光業者,0,0,一般,,,旅館、民宿、旅行社等觀光業者申請品質提升補助，最高200萬元，改善設施與服務。,https://www.tourism.gov.tw/,https://www.tourism.gov.tw/,2026-05-09
biz_018,電商平台開店補助,經濟部,創業企業,最高10萬元,全國,中小企業/個人賣家,0,0,一般,,,業者上架政府認可電商平台，可獲最高10萬元開店補助，含平台費、廣告費、教育訓練。,https://www.sme.gov.tw/,https://www.sme.gov.tw/,2026-05-09
biz_019,地方創生補助,國發會,創業企業,"最高1,000萬元",地方,地方創生業者,0,0,一般,,,"在偏鄉、地方從事特色產業或社區活化的業者，可申請地方創生補助最高1,000萬元。",https://www.ndc.gov.tw/,https://www.ndc.gov.tw/,2026-05-09
biz_020,職場環境改善補助（勞安）,勞動部,創業企業,最高100萬元,全國,雇主,0,0,一般,,,雇主改善職場安全衛生設備，可申請勞動部補助最高100萬元，降低職業災害風險。,https://www.mol.gov.tw/,https://www.mol.gov.tw/,2026-05-09
biz_021,聘僱身障員工補助,衛福部身障司,創業企業,"最高30,000/月",全國,雇主,0,0,一般,,,"雇主聘僱身心障礙者，可獲政府補助每人每月最高30,000元，期間最長12個月。",https://www.mohw.gov.tw/,https://www.mohw.gov.tw/,2026-05-09
biz_022,企業ESG輔導補助,金管會/環境部,創業企業,最高100萬元,全國,上市櫃及中大型企業,0,0,一般,,,企業推動ESG、永續報告書、碳盤查，政府補助輔導費用最高100萬元，並提供顧問諮詢。,https://www.fsc.gov.tw/,https://www.fsc.gov.tw/,2026-05-09
biz_023,新型態就業職缺補助,勞動部,創業企業,"最高50,000/月",全國,雇主,0,0,一般,,,"雇主創造青年、中高齡等特定族群就業職缺，政府補助薪資最高50,000元/月，期間6-12個月。",https://www.mol.gov.tw/,https://www.mol.gov.tw/,2026-05-09
biz_024,新創外國人才簽證（Gold Card）,國發會,創業企業,3年居留+工作證,全國,外國專業人才,0,0,一般,,,高薪或高技術外國人才可申請就業金卡（Gold Card），3年居留+自由工作許可，免雇主擔保。,https://foreigntalentact.ndc.gov.tw/,https://foreigntalentact.ndc.gov.tw/,2026-05-09
biz_025,企業人才培訓補助（職能發展）,勞動部,創業企業,最高70%訓練費,全國,雇主,0,0,一般,,,雇主辦理員工職能訓練，可申請勞動部補助最高70%訓練費，鼓勵企業人才投資。,https://www.wda.gov.tw/,https://www.wda.gov.tw/,2026-05-09
biz_026,農業科技新創補助（AgTech）,農業部/國科會,創業企業,最高500萬元,全國,農業科技新創,0,0,一般,,,從事精準農業、農業物聯網、AI農業的新創企業，可申請補助最高500萬元及示範場域。,https://www.agri.gov.tw/,https://www.agri.gov.tw/,2026-05-09
biz_027,零售業數位化補助,經濟部商業司,創業企業,最高50萬元,全國,零售業者,0,0,一般,,,傳統零售業者導入POS、線上訂購、會員系統等數位工具，補助費用最高50萬元。,https://www.moea.gov.tw/,https://www.moea.gov.tw/,2026-05-09
biz_028,餐飲業設備補助,經濟部,創業企業,最高50萬元,全國,餐飲業者,0,0,一般,,,合法登記餐飲業者購置食品安全、節能、數位點餐等設備，補助費用最高50萬元。,https://www.moea.gov.tw/,https://www.moea.gov.tw/,2026-05-09
biz_029,社區產業輔導補助,各縣市政府,創業企業,最高100萬元,地方,社區型業者,0,0,一般,,,從事地方特色產業、社區工藝的業者，可申請縣市政府社區產業補助最高100萬元。,https://www.gov.tw/,https://www.gov.tw/,2026-05-09
biz_030,中小企業海外拓點補助,經濟部,創業企業,最高300萬元,全國,中小企業,0,0,一般,,,中小企業赴東南亞、新南向國家設立據點，政府補助考察、設點費用最高300萬元。,https://www.sme.gov.tw/,https://www.sme.gov.tw/,2026-05-09
biz_031,新創加速器天使基金,國發基金,創業企業,最高500萬元,全國,早期新創,0,0,一般,,,超早期新創可申請國發基金天使投資，最高500萬元，換取股份比例低於一般市場。,https://www.ndf.gov.tw/,https://www.ndf.gov.tw/,2026-05-09
biz_032,文化部影視音補助,文化部,創業企業,"最高2,000萬元",全國,影視音業者,0,0,一般,,,"電影、電視、音樂製作業者可申請文化部補助最高2,000萬元，協助優質內容製作。",https://www.moc.gov.tw/,https://www.moc.gov.tw/,2026-05-09
biz_033,電動車充電站建置補助,交通部,創業企業,最高100萬元/站,全國,充電設施業者,0,0,一般,,,業者建置公共電動車充電站，政府補助設備費用最高100萬元/站，加速充電基礎建設。,https://www.motc.gov.tw/,https://www.motc.gov.tw/,2026-05-09
biz_034,循環經濟創業補助,環境部,創業企業,最高300萬元,全國,循環經濟業者,0,0,一般,,,從事廢棄物再利用、資源循環的業者，可申請環境部補助最高300萬元，促進循環經濟。,https://www.epa.gov.tw/,https://www.epa.gov.tw/,2026-05-09
biz_035,生技醫療新創補助,衛福部/科技部,創業企業,最高500萬元,全國,生技醫療新創,0,0,一般,,,從事新藥、醫材、數位健康的新創企業，可申請政府補助最高500萬元及臨床試驗支援。,https://www.fda.gov.tw/,https://www.fda.gov.tw/,2026-05-09
biz_036,半導體業人才培育補助,教育部/科技部,創業企業,補助訓練費80%,全國,半導體相關企業,0,0,一般,,,半導體、IC設計業者送員工參加專業訓練，政府補助訓練費用80%，每人每年上限10萬元。,https://www.nstc.gov.tw/,https://www.nstc.gov.tw/,2026-05-09
biz_037,婦女創業加碼補助,各縣市政府,創業企業,最高50萬元,全國,婦女創業者,20,65,一般,,,各縣市對婦女創業者提供額外補助，台北市最高50萬元，搭配輔導服務，高於一般創業補助。,https://www.gov.tw/,https://www.gov.tw/,2026-05-09
biz_038,原住民族產業輔導補助,原民會,創業企業,最高100萬元,全國,原住民業者,0,0,一般,,原住民,原住民族從事傳統工藝、農業、文化旅遊等產業，可申請原民會補助最高100萬元。,https://www.apc.gov.tw/,https://www.apc.gov.tw/,2026-05-09
biz_039,外銷品牌建立補助,經濟部貿易署,創業企業,最高200萬元,全國,外銷企業,0,0,一般,,,企業建立自有品牌拓展國際市場，政府補助品牌設計、海外認證、展覽費用最高200萬元。,https://www.trade.gov.tw/,https://www.trade.gov.tw/,2026-05-09
biz_040,遠端工作空間補助（共享辦公）,數位部/各縣市,創業企業,"最高5,000/月",地方,數位游牧/自由工作者,0,0,一般,,,"在偏鄉或地方使用共享辦公空間，政府補助每月最高5,000元，鼓勵人才分散至地方。",https://www.moda.gov.tw/,https://www.moda.gov.tw/,2026-05-09
tra_001,電動機車購買補助,環境部/各縣市,交通環保,"最高7,000元",全國,一般民眾,18,0,一般,,,"購買電動機車可獲中央補助5,000元，各縣市額外加碼最高2,000元，合計最高7,000元。",https://www.epa.gov.tw/,https://www.epa.gov.tw/,2026-05-09
tra_002,電動汽車購買補助,環境部,交通環保,"最高70,000元",全國,一般民眾,18,0,一般,,,"購買電動汽車可獲政府補助最高70,000元（依車型），搭配汰舊換新另有加碼優惠。",https://www.epa.gov.tw/,https://www.epa.gov.tw/,2026-05-09
tra_003,老舊機車汰換補助,環境部,交通環保,"最高4,000元",全國,老舊機車車主,18,0,一般,,,"汰換老舊二行程或高污染機車，換購電動車可獲補助最高4,000元，補助至額度用完。",https://www.epa.gov.tw/,https://www.epa.gov.tw/,2026-05-09
tra_004,老舊柴油車汰換補助,環境部,交通環保,最高20萬元,全國,貨車/公車業者,0,0,一般,,,汰換高污染老舊柴油貨車或公車，補助最高20萬元，改善空氣品質目標。,https://www.epa.gov.tw/,https://www.epa.gov.tw/,2026-05-09
tra_005,太陽能板安裝補助,經濟部能源署,交通環保,最高30萬元,全國,住宅屋主,0,0,一般,自有住宅,,住宅屋頂安裝太陽能光電板，政府補助安裝費用最高30萬元，另有躉售電價保障收入。,https://www.moeaea.gov.tw/,https://www.moeaea.gov.tw/,2026-05-09
tra_006,節能家電補助（汰換）,經濟部能源署,交通環保,"最高3,000元/台",全國,一般民眾,18,0,一般,,,"汰換舊冷氣、冰箱、熱水器等，換購節能標章家電，補助每台最高3,000元。",https://www.moeaea.gov.tw/,https://www.moeaea.gov.tw/,2026-05-09
tra_007,綠建築建置補助,內政部建研所,交通環保,最高100萬元,全國,建築業主,0,0,一般,,,建築取得綠建築標章，政府補助設計或改建費用最高100萬元，並享有容積率獎勵。,https://www.cpami.gov.tw/,https://www.cpami.gov.tw/,2026-05-09
tra_008,公共運輸月票補助,交通部,交通環保,"月票1,200元",全國,通勤族,0,0,一般,,,"全台公共運輸定期票（公車+捷運+台鐵）每月1,200元無限搭乘，政府大幅補貼差額。",https://www.motc.gov.tw/,https://www.motc.gov.tw/,2026-05-09
tra_009,身心障礙者公車免費搭乘,各縣市政府,交通環保,免費,全國,身心障礙者,0,0,一般,,身心障礙,持身心障礙手冊者，搭乘縣市公車免費，部分縣市台鐵及高鐵另有折扣優惠。,https://www.gov.tw/,https://www.gov.tw/,2026-05-09
tra_010,中低收入戶汽燃費補助,財政部/各縣市,交通環保,"最高1,200元/年",全國,中低收入戶,0,0,中低收入戶,,,"中低收入戶自用小客車及機車燃料使用費，政府補貼全額或部分費用，每年最高1,200元。",https://www.gov.tw/,https://www.gov.tw/,2026-05-09
tra_011,自行車道建設補助（縣市）,交通部,交通環保,建設費補助,全國,縣市政府,0,0,一般,,,政府補助縣市建設自行車道，間接促進民眾騎自行車通勤，降低碳排放。,https://www.motc.gov.tw/,https://www.motc.gov.tw/,2026-05-09
tra_012,電動巴士補助（公車業者）,交通部,交通環保,最高500萬元/輛,全國,公車業者,0,0,一般,,,公車業者購置電動巴士，政府補助每輛最高500萬元，加速公車電動化目標。,https://www.motc.gov.tw/,https://www.motc.gov.tw/,2026-05-09
tra_013,太陽能熱水器安裝補助,經濟部能源署,交通環保,"最高10,000元",全國,住宅屋主,0,0,一般,,,"住宅安裝太陽能熱水器，政府補助最高10,000元，每年節省瓦斯費約3,000-5,000元。",https://www.moeaea.gov.tw/,https://www.moeaea.gov.tw/,2026-05-09
tra_014,儲能設備補助（家用電池）,經濟部能源署,交通環保,"最高50,000元",全國,一般民眾,18,0,一般,,,"住宅安裝家用儲能電池系統，政府補助安裝費用最高50,000元，搭配太陽能板效益更高。",https://www.moeaea.gov.tw/,https://www.moeaea.gov.tw/,2026-05-09
tra_015,空氣清淨機補助（偏鄉）,環境部,交通環保,"最高3,000元",偏遠地區,偏鄉居民,0,0,一般,,,"空污嚴重地區或偏鄉弱勢家庭，政府補助購置空氣清淨機最高3,000元。",https://www.epa.gov.tw/,https://www.epa.gov.tw/,2026-05-09
tra_016,企業碳排減量補助,環境部,交通環保,最高500萬元,全國,企業,0,0,一般,,,企業推動碳排減量、導入節能設備，政府補助費用最高500萬元，符合淨零目標。,https://www.epa.gov.tw/,https://www.epa.gov.tw/,2026-05-09
tra_017,低碳旅遊補助（環島火車）,交通部觀光署,交通環保,折扣優惠,全國,一般民眾,0,0,一般,,,選擇火車或大眾運輸進行環島旅遊，享有政府補貼折扣，鼓勵低碳旅遊方式。,https://www.tourism.gov.tw/,https://www.tourism.gov.tw/,2026-05-09
tra_018,海島離島居民交通補助,交通部,交通環保,最高50%票價,離島,離島居民,0,0,一般,,,澎湖、金門、馬祖、蘭嶼等離島居民搭機或搭船往返台灣本島，票價補助最高50%。,https://www.motc.gov.tw/,https://www.motc.gov.tw/,2026-05-09
tra_019,垃圾分類資源回收獎勵,環境部,交通環保,回收金,全國,一般民眾,0,0,一般,,,確實執行垃圾分類資源回收，可在回收站兌換點數或回收金，廢鐵、廢紙、廢瓶均可。,https://www.epa.gov.tw/,https://www.epa.gov.tw/,2026-05-09
tra_020,綠能屋頂租賃補助,經濟部能源署,交通環保,每年電費收入,全國,住宅屋主,0,0,一般,自有住宅,,屋主將屋頂租給業者安裝太陽能板，每年可收取租金或電費收益，完全無需自行投資。,https://www.moeaea.gov.tw/,https://www.moeaea.gov.tw/,2026-05-09
tra_021,中高齡駕照更新補助,交通部公路局,交通環保,免費換照,全國,中高齡駕駛,60,0,一般,,,60歲以上駕駛換領大字體版駕照免費，並可免費參加道路安全課程，確保行車安全。,https://www.thb.gov.tw/,https://www.thb.gov.tw/,2026-05-09
tra_022,電動自行車補助,各縣市政府,交通環保,"最高3,000元",全國,一般民眾,18,0,一般,,,"部分縣市補助購置電動輔助自行車（電輔車），每台最高3,000元，促進綠色通勤。",https://www.gov.tw/,https://www.gov.tw/,2026-05-09
tra_023,污水下水道接管補助,內政部,交通環保,"最高10,000元",全國,住宅屋主,0,0,一般,,,"住宅接通公共污水下水道，政府補助接管費用最高10,000元，改善水資源污染問題。",https://www.cpami.gov.tw/,https://www.cpami.gov.tw/,2026-05-09
tra_024,省水設備補助（馬桶/蓮蓬頭）,經濟部水利署,交通環保,"最高3,000元",全國,一般民眾,0,0,一般,,,"更換省水馬桶、省水蓮蓬頭等節水設備，政府補助費用最高3,000元，每年節省水費。",https://www.wra.gov.tw/,https://www.wra.gov.tw/,2026-05-09
tra_025,濕地生態保育補助（農地休耕）,農業部,交通環保,"最高45,000/公頃",全國,農地地主,0,0,一般,,農民,"農地轉為濕地生態保育用途，政府補助每公頃每年最高45,000元休耕給付，保護生態。",https://www.agri.gov.tw/,https://www.agri.gov.tw/,2026-05-09
oth_001,藝術家工作室租金補助,文化部,其他,"最高30,000/月",全國,藝術工作者,20,65,一般,,,"專職藝術創作者租用工作室，政府補助租金最高30,000元/月，期間最長2年。",https://www.moc.gov.tw/,https://www.moc.gov.tw/,2026-05-09
oth_002,公民記者採訪補助,文化部,其他,"最高100,000元/案",全國,公民記者,18,65,一般,,,公民記者調查重要公共議題，可申請文化部補助採訪費用最高10萬元，促進媒體多元。,https://www.moc.gov.tw/,https://www.moc.gov.tw/,2026-05-09
oth_003,NGO非政府組織運作補助,各部會,其他,最高300萬元/年,全國,非政府組織,0,0,一般,,,合法登記之非政府組織可申請政府計畫補助，用於公益服務、倡議、研究，最高300萬元/年。,https://www.gov.tw/,https://www.gov.tw/,2026-05-09
oth_004,社區發展協會補助,衛福部/內政部,其他,最高50萬元/年,全國,社區發展協會,0,0,一般,,,社區發展協會推動社區營造、長照、兒童照顧等活動，政府補助每年最高50萬元。,https://www.mohw.gov.tw/,https://www.mohw.gov.tw/,2026-05-09
oth_005,法律扶助（弱勢民眾）,法律扶助基金會,其他,免費法律服務,全國,弱勢民眾,0,0,中低收入戶,,,中低收入戶、特定弱勢族群可免費獲得法律扶助基金會諮詢、調解、訴訟代理服務。,https://www.laf.org.tw/,https://www.laf.org.tw/,2026-05-09
oth_006,訴訟法律扶助（刑事）,法律扶助基金會,其他,免費辯護,全國,刑事被告,0,0,一般,,,經濟困難的刑事被告可申請法律扶助，免費獲得律師辯護，保障訴訟平等權。,https://www.laf.org.tw/,https://www.laf.org.tw/,2026-05-09
oth_007,社會救助急難救助金（全國）,衛福部,其他,"最高30,000元",全國,急難家庭,0,0,一般,,,遭受急難（死亡、重病、失業）的家庭，可申請政府急難救助金，最高3萬元，快速撥款。,https://www.mohw.gov.tw/,https://www.mohw.gov.tw/,2026-05-09
oth_008,更生人就業補助,法務部/勞動部,其他,"最高30,000/月",全國,更生人,18,65,一般,,,"出獄後的更生人就業，雇主可獲政府補助薪資最高30,000元/月，更生人本身另有輔導。",https://www.mjib.gov.tw/,https://www.mjib.gov.tw/,2026-05-09
oth_009,街友緊急安置服務,各縣市社會局,其他,免費安置,全國,街友,0,0,一般,,,無家可歸者可至社會局申請緊急安置，提供住所、餐食、就業輔導等免費服務。,https://www.mohw.gov.tw/,https://www.mohw.gov.tw/,2026-05-09
oth_010,天然災害受災補助,行政院/各縣市,其他,最高100萬元,全國,天災受災者,0,0,一般,,,颱風、地震等天然災害造成房屋毀損，政府補助修繕費最高100萬元，受難者另有慰問金。,https://www.nfa.gov.tw/,https://www.nfa.gov.tw/,2026-05-09
oth_011,服役軍人家屬照顧補助,國防部,其他,生活補助,全國,服役軍人家屬,0,0,一般,,,義務役服役期間，家中有困難（重病長輩、幼小子女）者，可申請軍人家屬照顧補助。,https://www.mnd.gov.tw/,https://www.mnd.gov.tw/,2026-05-09
oth_012,圖書館閱讀補助（數位閱讀）,文化部,其他,電子書免費借閱,全國,一般民眾,0,0,一般,,,持圖書館借閱證，可免費借閱電子書、有聲書，政府補助平台費用，促進全民閱讀。,https://www.nlpi.edu.tw/,https://www.nlpi.edu.tw/,2026-05-09
oth_013,運動設施使用補助（偏鄉）,教育部體育署,其他,免費或低廉,偏遠地區,偏鄉居民,0,0,一般,,,政府在偏鄉地區建置運動設施，居民免費使用游泳池、健身房、球場等，促進健康。,https://www.sa.gov.tw/,https://www.sa.gov.tw/,2026-05-09
oth_014,數位包容網路補助（偏鄉）,數位部,其他,免費或低廉上網,偏遠地區,偏鄉居民,0,0,一般,,,政府補助偏鄉地區建置寬頻網路，居民可低廉費用（月繳299元以下）使用高速網路。,https://www.moda.gov.tw/,https://www.moda.gov.tw/,2026-05-09
oth_015,文化藝術表演補助（進場）,文化部,其他,最高500元/場,全國,一般民眾,0,0,一般,,,政府補助民眾進場觀賞藝文表演，每場最高補助500元，每年最多補助6場次。,https://www.moc.gov.tw/,https://www.moc.gov.tw/,2026-05-09
oth_016,宗教文化資產修繕補助,文化部,其他,最高500萬元,全國,宗教場所,0,0,一般,,,具文化資產身份的廟宇、教堂等宗教場所，申請修繕補助最高500萬元，保存文化遺產。,https://www.moc.gov.tw/,https://www.moc.gov.tw/,2026-05-09
oth_017,社會住宅輪候補助（等候期）,內政部,其他,等候期租補,全國,社宅輪候者,0,0,一般,租屋,,申請社會住宅輪候期間，政府提供臨時租金補助，避免等候期間無處棲身。,https://www.socialhousing.gov.tw/,https://www.socialhousing.gov.tw/,2026-05-09
oth_018,運動員培訓補助,教育部體育署,其他,最高100萬元/年,全國,競技運動員,0,0,一般,,,國家代表隊及潛力運動員享有政府每年最高100萬元培訓補助，含訓練費、賽事費、生活費。,https://www.sa.gov.tw/,https://www.sa.gov.tw/,2026-05-09
oth_019,里民活動辦理補助,各縣市政府,其他,最高5萬元/活動,全國,里辦公處,0,0,一般,,,里辦公處辦理里民活動、社區聯誼，可向縣市政府申請補助每次最高5萬元。,https://www.gov.tw/,https://www.gov.tw/,2026-05-09
oth_020,消費者保護申訴補助,行政院消費者保護會,其他,免費申訴服務,全國,消費者,0,0,一般,,,消費者遭受不公平交易或商品瑕疵，可免費向消保會申訴，協助調解，節省律師費。,https://www.cpc.ey.gov.tw/,https://www.cpc.ey.gov.tw/,2026-05-09
